[
{
  "model": "main.testregistration",
  "pk": 3,
  "fields": {
    "name": "nagham",
    "email": "m45543026@gmail.com",
    "created_at": "2025-09-29T14:40:54.656Z",
    "is_active": true,
    "has_taken_test": false
  }
},
{
  "model": "main.testregistration",
  "pk": 4,
  "fields": {
    "name": "nagham",
    "email": "T-10880@ischoolteams.com",
    "created_at": "2025-09-29T14:50:06.637Z",
    "is_active": true,
    "has_taken_test": false
  }
},
{
  "model": "main.testregistration",
  "pk": 5,
  "fields": {
    "name": "Mohamed Zanaty",
    "email": "nkxan@gmail.com",
    "created_at": "2025-09-29T21:00:54.085Z",
    "is_active": true,
    "has_taken_test": true
  }
},
{
  "model": "main.testregistration",
  "pk": 6,
  "fields": {
    "name": "test questions",
    "email": "sc@dfv.com",
    "created_at": "2025-10-02T12:14:41.390Z",
    "is_active": true,
    "has_taken_test": true
  }
},
{
  "model": "main.testregistration",
  "pk": 7,
  "fields": {
    "name": "test questions",
    "email": "cdecfe@gmail.com",
    "created_at": "2025-10-02T12:49:31.252Z",
    "is_active": true,
    "has_taken_test": true
  }
},
{
  "model": "main.testregistration",
  "pk": 8,
  "fields": {
    "name": "TAest Questions",
    "email": "teset@gmail.com",
    "created_at": "2025-10-02T17:44:53.069Z",
    "is_active": true,
    "has_taken_test": true
  }
},
{
  "model": "main.testregistration",
  "pk": 9,
  "fields": {
    "name": "test questionss",
    "email": "accountant2@gmail.com",
    "created_at": "2025-10-02T19:32:06.597Z",
    "is_active": true,
    "has_taken_test": true
  }
},
{
  "model": "main.testregistration",
  "pk": 10,
  "fields": {
    "name": "csxercv",
    "email": "csxercv@gmail.com",
    "created_at": "2025-10-02T21:19:21.470Z",
    "is_active": true,
    "has_taken_test": true
  }
},
{
  "model": "main.testregistration",
  "pk": 11,
  "fields": {
    "name": "Nagham Mohamed Zanaty",
    "email": "receptionist402@gmail.com",
    "created_at": "2025-10-02T22:16:41.158Z",
    "is_active": true,
    "has_taken_test": true
  }
},
{
  "model": "main.testregistration",
  "pk": 12,
  "fields": {
    "name": "vzfzdbv zd",
    "email": "vsfv@gmail.com",
    "created_at": "2025-10-02T22:21:23.314Z",
    "is_active": true,
    "has_taken_test": true
  }
},
{
  "model": "main.testregistration",
  "pk": 13,
  "fields": {
    "name": "dfsv",
    "email": "dfsv@zvfd.com",
    "created_at": "2025-10-02T22:24:22.554Z",
    "is_active": true,
    "has_taken_test": true
  }
},
{
  "model": "main.testregistration",
  "pk": 14,
  "fields": {
    "name": "sdfcdsv",
    "email": "sdfcdsv@zsth.com",
    "created_at": "2025-10-02T22:37:58.171Z",
    "is_active": true,
    "has_taken_test": true
  }
},
{
  "model": "main.testregistration",
  "pk": 15,
  "fields": {
    "name": "sdfv",
    "email": "sdfv@reg.com",
    "created_at": "2025-10-02T22:39:34.433Z",
    "is_active": true,
    "has_taken_test": true
  }
},
{
  "model": "main.testregistration",
  "pk": 16,
  "fields": {
    "name": "regvtg",
    "email": "rec@drfcds.com",
    "created_at": "2025-10-02T23:09:05.479Z",
    "is_active": true,
    "has_taken_test": true
  }
},
{
  "model": "main.testregistration",
  "pk": 17,
  "fields": {
    "name": "fgtvb",
    "email": "refv@njkdnc.com",
    "created_at": "2025-10-02T23:12:24.399Z",
    "is_active": true,
    "has_taken_test": true
  }
},
{
  "model": "main.testregistration",
  "pk": 18,
  "fields": {
    "name": "fvdc",
    "email": "fvdc@gmail.com",
    "created_at": "2025-10-02T23:14:19.533Z",
    "is_active": true,
    "has_taken_test": true
  }
},
{
  "model": "main.testregistration",
  "pk": 19,
  "fields": {
    "name": "fdfs",
    "email": "fdfsxrf@gmail.com",
    "created_at": "2025-10-02T23:37:37.019Z",
    "is_active": true,
    "has_taken_test": true
  }
},
{
  "model": "main.testregistration",
  "pk": 20,
  "fields": {
    "name": "sdcsd",
    "email": "jmionm@vtyvb.com",
    "created_at": "2025-10-04T11:45:40.548Z",
    "is_active": true,
    "has_taken_test": false
  }
},
{
  "model": "main.testregistration",
  "pk": 21,
  "fields": {
    "name": "nadine mohamed",
    "email": "dcs@cdscf.com",
    "created_at": "2025-10-04T12:01:36.155Z",
    "is_active": true,
    "has_taken_test": true
  }
},
{
  "model": "main.testregistration",
  "pk": 22,
  "fields": {
    "name": "Nagham Mohamed Zanaty",
    "email": "kiumi@vfdrg.com",
    "created_at": "2025-10-04T20:52:57.142Z",
    "is_active": true,
    "has_taken_test": true
  }
},
{
  "model": "main.testregistration",
  "pk": 23,
  "fields": {
    "name": "gfvd",
    "email": "fsfcgr@kimoi.com",
    "created_at": "2025-10-05T17:21:11.691Z",
    "is_active": true,
    "has_taken_test": true
  }
},
{
  "model": "main.testregistration",
  "pk": 24,
  "fields": {
    "name": "yuj",
    "email": "miom@mokm.com",
    "created_at": "2025-10-05T17:32:28.682Z",
    "is_active": true,
    "has_taken_test": true
  }
},
{
  "model": "main.testregistration",
  "pk": 25,
  "fields": {
    "name": "mmmmmm",
    "email": "mmmmmmmmmm@mklijm.com",
    "created_at": "2025-10-05T17:38:08.520Z",
    "is_active": true,
    "has_taken_test": true
  }
},
{
  "model": "main.testregistration",
  "pk": 26,
  "fields": {
    "name": "gdh",
    "email": "gfh@ijkmg.com",
    "created_at": "2025-10-05T17:41:06.724Z",
    "is_active": true,
    "has_taken_test": true
  }
},
{
  "model": "main.testregistration",
  "pk": 27,
  "fields": {
    "name": "kopm",
    "email": "kkkk@ujml.com",
    "created_at": "2025-10-05T17:45:09.886Z",
    "is_active": true,
    "has_taken_test": true
  }
},
{
  "model": "main.testregistration",
  "pk": 28,
  "fields": {
    "name": "kum",
    "email": "joiu@klm.com",
    "created_at": "2025-10-05T17:49:01.011Z",
    "is_active": true,
    "has_taken_test": true
  }
},
{
  "model": "main.testregistration",
  "pk": 29,
  "fields": {
    "name": "kkkkiiiiiiiiiiiii",
    "email": "iiiii@vtdxsvb.com",
    "created_at": "2025-10-05T18:05:48.939Z",
    "is_active": true,
    "has_taken_test": true
  }
},
{
  "model": "main.trait",
  "pk": 1,
  "fields": {
    "name": "القيادة",
    "name_en": "Leadership",
    "weight": "15.00",
    "description": "القدرة على توجيه الآخرين نحو هدف مشترك، من خلال التأثير والتحفيز، مع اتخاذ القرارات المناسبة وتحمل المسؤولية.",
    "order": 0,
    "is_active": true
  }
},
{
  "model": "main.trait",
  "pk": 2,
  "fields": {
    "name": "اتخاذ القرار",
    "name_en": "Decision Making",
    "weight": "7.50",
    "description": "عملية اختيار أفضل بديل ممكن من بين عدة خيارات متاحة، بهدف حل مشكلة أو تحقيق هدف محدد، مع تحمل نتائج هذا الاختيار.",
    "order": 1,
    "is_active": true
  }
},
{
  "model": "main.trait",
  "pk": 3,
  "fields": {
    "name": "التخطيط",
    "name_en": "Planning",
    "weight": "15.00",
    "description": "عملية تحديد الأهداف المستقبلية ووضع الخطوات والموارد اللازمة لتحقيقها بشكل منظم وفعّال.",
    "order": 2,
    "is_active": true
  }
},
{
  "model": "main.trait",
  "pk": 4,
  "fields": {
    "name": "تحمل المخاطر",
    "name_en": "Risk Taking",
    "weight": "15.00",
    "description": "الاستعداد لمواجهة التحديات والنتائج غير المتوقعة عند السعي لتحقيق هدف معيّن، مع قبول إمكانية الخسارة مقابل فرصة النجاح.",
    "order": 3,
    "is_active": true
  }
},
{
  "model": "main.trait",
  "pk": 5,
  "fields": {
    "name": "الثقة بالنفس",
    "name_en": "Self-Confidence",
    "weight": "7.50",
    "description": "الإيمان بقدرات الفرد وإمكاناته، والشعور بالاطمئنان عند مواجهة المواقف والتحديات مع القدرة على اتخاذ القرارات بثبات.",
    "order": 4,
    "is_active": true
  }
},
{
  "model": "main.trait",
  "pk": 6,
  "fields": {
    "name": "عدم الخوف من الفشل",
    "name_en": "Not Fearing Failure",
    "weight": "7.50",
    "description": "القدرة على خوض التجارب والمبادرات بثقة، مع اعتبار الفشل فرصة للتعلّم والتطور بدلاً من عائق يمنع من المحاولة أو التقدم.",
    "order": 5,
    "is_active": true
  }
},
{
  "model": "main.trait",
  "pk": 7,
  "fields": {
    "name": "الابتكار",
    "name_en": "Innovation",
    "weight": "7.50",
    "description": "القدرة على ابتكار أفكار أو حلول جديدة ومبدعة، وتطبيقها بطرق تضيف قيمة وتحدث تغييرًا إيجابيًا في الواقع.",
    "order": 6,
    "is_active": true
  }
},
{
  "model": "main.trait",
  "pk": 8,
  "fields": {
    "name": "المثابرة",
    "name_en": "Perseverance",
    "weight": "7.50",
    "description": "الاستمرار في السعي والعمل رغم الصعوبات والعقبات، مع التحلي بالصبر والإصرار حتى تحقيق الأهداف.",
    "order": 7,
    "is_active": true
  }
},
{
  "model": "main.trait",
  "pk": 9,
  "fields": {
    "name": "استغلال الفرص",
    "name_en": "Seizing Opportunities",
    "weight": "10.00",
    "description": "القدرة على إدراك المواقف المناسبة في الوقت المناسب، وتحويلها إلى إنجازات أو مكاسب من خلال المبادرة والعمل الفعّال.",
    "order": 8,
    "is_active": true
  }
},
{
  "model": "main.trait",
  "pk": 10,
  "fields": {
    "name": "الاتصال",
    "name_en": "Communication",
    "weight": "7.50",
    "description": "عملية تبادل المعلومات والأفكار بين الأفراد بوسائل مختلفة، بهدف تحقيق فهم مشترك وبناء علاقات فعّالة.",
    "order": 9,
    "is_active": true
  }
},
{
  "model": "main.question",
  "pk": 1,
  "fields": {
    "trait": 2,
    "text": "أنا استمتع باتخاذ قراراتي بنفسي.",
    "order": 1,
    "is_active": true,
    "is_reverse_scored": false
  }
},
{
  "model": "main.question",
  "pk": 2,
  "fields": {
    "trait": 2,
    "text": "لا أحب توجيهي لما يجب علي فعله.",
    "order": 5,
    "is_active": true,
    "is_reverse_scored": false
  }
},
{
  "model": "main.question",
  "pk": 3,
  "fields": {
    "trait": 2,
    "text": "أفضل أن أكون وحيدا في اتخاذ القرار النهائي.",
    "order": 6,
    "is_active": true,
    "is_reverse_scored": false
  }
},
{
  "model": "main.question",
  "pk": 4,
  "fields": {
    "trait": 1,
    "text": "أحب أن أكون مسئولا.",
    "order": 14,
    "is_active": true,
    "is_reverse_scored": false
  }
},
{
  "model": "main.question",
  "pk": 5,
  "fields": {
    "trait": 4,
    "text": "أنا أحب المغامرة للأشياء التي لا أعرفها",
    "order": 11,
    "is_active": true,
    "is_reverse_scored": false
  }
},
{
  "model": "main.question",
  "pk": 6,
  "fields": {
    "trait": 3,
    "text": "لا أفضل التفكير بالمستقبل وأفضل ترك الأمور للمصادفة.",
    "order": 16,
    "is_active": true,
    "is_reverse_scored": true
  }
},
{
  "model": "main.question",
  "pk": 7,
  "fields": {
    "trait": 4,
    "text": "أعتقد أن رواد الأعمال من المتوقع أن يجازفون بمخاطر كبيرة.",
    "order": 20,
    "is_active": true,
    "is_reverse_scored": false
  }
},
{
  "model": "main.question",
  "pk": 8,
  "fields": {
    "trait": 4,
    "text": "أفضل البقاء في وظيفة ذات دخل مستقر على الاستثمار في مشروع خاص.",
    "order": 21,
    "is_active": true,
    "is_reverse_scored": true
  }
},
{
  "model": "main.question",
  "pk": 9,
  "fields": {
    "trait": 7,
    "text": "أفضل البدء بتأسيس مشروع جديد على شراء مشروع قائم.",
    "order": 33,
    "is_active": true,
    "is_reverse_scored": false
  }
},
{
  "model": "main.question",
  "pk": 10,
  "fields": {
    "trait": 1,
    "text": "من السهل عليّ كسب ثقة الآخرين وإقناعهم بوجهة نظري.",
    "order": 7,
    "is_active": true,
    "is_reverse_scored": false
  }
},
{
  "model": "main.question",
  "pk": 11,
  "fields": {
    "trait": 1,
    "text": "إذا كنت مقتنعا بفكرة معينة لا أفضل الاستماع لأفكار مخالفة.",
    "order": 12,
    "is_active": true,
    "is_reverse_scored": false
  }
},
{
  "model": "main.question",
  "pk": 12,
  "fields": {
    "trait": 5,
    "text": "أنا واثق بنفسي.",
    "order": 23,
    "is_active": true,
    "is_reverse_scored": false
  }
},
{
  "model": "main.question",
  "pk": 13,
  "fields": {
    "trait": 5,
    "text": "دائما أثق بحدسي و توقعاتي.",
    "order": 24,
    "is_active": true,
    "is_reverse_scored": false
  }
},
{
  "model": "main.question",
  "pk": 14,
  "fields": {
    "trait": 5,
    "text": "أفتخر دائما بإنجازاتي.",
    "order": 27,
    "is_active": true,
    "is_reverse_scored": false
  }
},
{
  "model": "main.question",
  "pk": 15,
  "fields": {
    "trait": 9,
    "text": "أعتقد أن النجاح ناتج عن الظروف المحيطة بالشخص.",
    "order": 45,
    "is_active": true,
    "is_reverse_scored": true
  }
},
{
  "model": "main.question",
  "pk": 16,
  "fields": {
    "trait": 3,
    "text": "لي طريقتي الخاصة لتنفيذ المهام.",
    "order": 10,
    "is_active": true,
    "is_reverse_scored": false
  }
},
{
  "model": "main.question",
  "pk": 17,
  "fields": {
    "trait": 7,
    "text": "لدي القدرة على تقديم أفكار جديدة.",
    "order": 22,
    "is_active": true,
    "is_reverse_scored": false
  }
},
{
  "model": "main.question",
  "pk": 18,
  "fields": {
    "trait": 7,
    "text": "أستمتع بطريقة التفكير غير التقليدية.",
    "order": 30,
    "is_active": true,
    "is_reverse_scored": false
  }
},
{
  "model": "main.question",
  "pk": 19,
  "fields": {
    "trait": 7,
    "text": "أفكر دائما بعدة استخدامات للشيء الواحد.",
    "order": 34,
    "is_active": true,
    "is_reverse_scored": false
  }
},
{
  "model": "main.question",
  "pk": 20,
  "fields": {
    "trait": 7,
    "text": "أشعر أحيانا أن أفكاري حالمة.",
    "order": 35,
    "is_active": true,
    "is_reverse_scored": false
  }
},
{
  "model": "main.question",
  "pk": 21,
  "fields": {
    "trait": 8,
    "text": "أنا مقتنع بأنه يمكن تحويل المشكلات إلى فرص.",
    "order": 36,
    "is_active": true,
    "is_reverse_scored": false
  }
},
{
  "model": "main.question",
  "pk": 22,
  "fields": {
    "trait": 4,
    "text": "أنا شخص مقدام، اتقدم لكل عمل بسرعة",
    "order": 17,
    "is_active": true,
    "is_reverse_scored": false
  }
},
{
  "model": "main.question",
  "pk": 23,
  "fields": {
    "trait": 6,
    "text": "أقبل بالفشل دون أن أخاف من الهزيمة.",
    "order": 28,
    "is_active": true,
    "is_reverse_scored": false
  }
},
{
  "model": "main.question",
  "pk": 24,
  "fields": {
    "trait": 6,
    "text": "أشعر بالإحباط من التجارب الفاشلة.",
    "order": 31,
    "is_active": true,
    "is_reverse_scored": true
  }
},
{
  "model": "main.question",
  "pk": 25,
  "fields": {
    "trait": 6,
    "text": "دائما أرى في أخطائي فرصة للتعلم.",
    "order": 32,
    "is_active": true,
    "is_reverse_scored": false
  }
},
{
  "model": "main.question",
  "pk": 26,
  "fields": {
    "trait": 8,
    "text": "عندما أبدأ بعمل معين فإنني أكون مصرا على إتمامه.",
    "order": 38,
    "is_active": true,
    "is_reverse_scored": false
  }
},
{
  "model": "main.question",
  "pk": 27,
  "fields": {
    "trait": 8,
    "text": "لا أتعب بسهولة عندما أكون راغبا في عمل مشروع.",
    "order": 39,
    "is_active": true,
    "is_reverse_scored": false
  }
},
{
  "model": "main.question",
  "pk": 28,
  "fields": {
    "trait": 8,
    "text": "في كثير من المرات توقفني المشاكل والمعوقات عن إتمام مهامي.",
    "order": 41,
    "is_active": true,
    "is_reverse_scored": true
  }
},
{
  "model": "main.question",
  "pk": 29,
  "fields": {
    "trait": 9,
    "text": "أحسن الاستفادة من المواقف السلبية.",
    "order": 42,
    "is_active": true,
    "is_reverse_scored": false
  }
},
{
  "model": "main.question",
  "pk": 30,
  "fields": {
    "trait": 8,
    "text": "يصفني من حولي بأنني شخص مُصر و متشبث.",
    "order": 49,
    "is_active": true,
    "is_reverse_scored": false
  }
},
{
  "model": "main.question",
  "pk": 31,
  "fields": {
    "trait": 3,
    "text": "أجد متعة في دراسة البدائل.",
    "order": 13,
    "is_active": true,
    "is_reverse_scored": false
  }
},
{
  "model": "main.question",
  "pk": 32,
  "fields": {
    "trait": 6,
    "text": "استمتع عندما أجد حلا لمشكلة محبطة أو صعبة.",
    "order": 25,
    "is_active": true,
    "is_reverse_scored": false
  }
},
{
  "model": "main.question",
  "pk": 33,
  "fields": {
    "trait": 9,
    "text": "أنا أستغل الفرصة عندما أرى أن الفكرة جيدة.",
    "order": 37,
    "is_active": true,
    "is_reverse_scored": false
  }
},
{
  "model": "main.question",
  "pk": 34,
  "fields": {
    "trait": 9,
    "text": "أنا شخص متسائل يهتم بالبحث عن المعلومات بالتفصيل.",
    "order": 44,
    "is_active": true,
    "is_reverse_scored": false
  }
},
{
  "model": "main.question",
  "pk": 35,
  "fields": {
    "trait": 1,
    "text": "استخدم كثيرا عبارات المجاملة خوفا من جرح مشاعر الآخرين.",
    "order": 3,
    "is_active": true,
    "is_reverse_scored": true
  }
},
{
  "model": "main.question",
  "pk": 36,
  "fields": {
    "trait": 5,
    "text": "ألجأ عمدا للمواجهة المباشرة كي أحصل على النتائج المطلوبة.",
    "order": 19,
    "is_active": true,
    "is_reverse_scored": false
  }
},
{
  "model": "main.question",
  "pk": 37,
  "fields": {
    "trait": 10,
    "text": "أستطيع كسب ثقة فريق العمل بسهولة.",
    "order": 40,
    "is_active": true,
    "is_reverse_scored": false
  }
},
{
  "model": "main.question",
  "pk": 38,
  "fields": {
    "trait": 10,
    "text": "أتواصل بطريقة فاعلة مع الناس.",
    "order": 43,
    "is_active": true,
    "is_reverse_scored": false
  }
},
{
  "model": "main.question",
  "pk": 39,
  "fields": {
    "trait": 10,
    "text": "أتعامل مع الخلافات مهما كانت بسيطة.",
    "order": 47,
    "is_active": true,
    "is_reverse_scored": false
  }
},
{
  "model": "main.question",
  "pk": 40,
  "fields": {
    "trait": 10,
    "text": "أنا مستمع جيد.",
    "order": 48,
    "is_active": true,
    "is_reverse_scored": false
  }
},
{
  "model": "main.question",
  "pk": 41,
  "fields": {
    "trait": 10,
    "text": "من السهولة عليّ إقناع الآخرين بأفكاري.",
    "order": 50,
    "is_active": true,
    "is_reverse_scored": false
  }
},
{
  "model": "main.question",
  "pk": 42,
  "fields": {
    "trait": 3,
    "text": "أنا أنظم مهامي قبل أن أبدأ النشاط.",
    "order": 4,
    "is_active": true,
    "is_reverse_scored": false
  }
},
{
  "model": "main.question",
  "pk": 43,
  "fields": {
    "trait": 3,
    "text": "أنا أهتم بالتفاصيل.",
    "order": 15,
    "is_active": true,
    "is_reverse_scored": false
  }
},
{
  "model": "main.question",
  "pk": 44,
  "fields": {
    "trait": 1,
    "text": "أتحمل مسؤولية قراراتي ولا أووجه اللوم للآخرين.",
    "order": 2,
    "is_active": true,
    "is_reverse_scored": false
  }
},
{
  "model": "main.question",
  "pk": 45,
  "fields": {
    "trait": 2,
    "text": "لا أستهلك وقتا ًطويلاً في اتخاذ القرا رات",
    "order": 9,
    "is_active": true,
    "is_reverse_scored": false
  }
},
{
  "model": "main.question",
  "pk": 46,
  "fields": {
    "trait": 4,
    "text": "أتمتع بالتعامل مع مهمة دون أن أعلم بكل المشاكل المحتملة لها.",
    "order": 18,
    "is_active": true,
    "is_reverse_scored": false
  }
},
{
  "model": "main.question",
  "pk": 47,
  "fields": {
    "trait": 5,
    "text": "الرضا الشخصي بالنسبة لي يهمني أكثر من الحصول على المال.",
    "order": 26,
    "is_active": true,
    "is_reverse_scored": false
  }
},
{
  "model": "main.question",
  "pk": 48,
  "fields": {
    "trait": 6,
    "text": "تراودني أفكار كثيرة ولكن أخشى تطبيقها خوفا من الفشل.",
    "order": 29,
    "is_active": true,
    "is_reverse_scored": true
  }
},
{
  "model": "main.question",
  "pk": 49,
  "fields": {
    "trait": 9,
    "text": "الفرق بين النجاح والفشل هو القدرة على اقتناص الفرص.",
    "order": 46,
    "is_active": true,
    "is_reverse_scored": false
  }
},
{
  "model": "main.question",
  "pk": 50,
  "fields": {
    "trait": 2,
    "text": "اعتقد بأن المستقبل هو تكرار للماضي.",
    "order": 8,
    "is_active": true,
    "is_reverse_scored": true
  }
},
{
  "model": "main.testsession",
  "pk": 3,
  "fields": {
    "registration": 3,
    "started_at": "2025-09-29T14:40:54.675Z",
    "completed_at": null,
    "is_completed": false,
    "answers_json": ""
  }
},
{
  "model": "main.testsession",
  "pk": 4,
  "fields": {
    "registration": 4,
    "started_at": "2025-09-29T14:50:06.649Z",
    "completed_at": null,
    "is_completed": false,
    "answers_json": ""
  }
},
{
  "model": "main.testsession",
  "pk": 5,
  "fields": {
    "registration": 5,
    "started_at": "2025-09-29T21:00:54.104Z",
    "completed_at": "2025-09-29T21:14:39.337Z",
    "is_completed": true,
    "answers_json": "{\"1\": 2.0, \"2\": 1.5, \"3\": 1.0, \"4\": 1.5, \"23\": 1.5, \"24\": 1.5, \"10\": 1.0, \"11\": 1.5, \"12\": 1.5, \"13\": 1.0, \"5\": 2.0, \"6\": 2.0, \"7\": 1.0, \"8\": 1.5, \"9\": 1.5, \"14\": 1.5, \"15\": 0.5, \"16\": 1.5, \"17\": 2.0, \"18\": 1.5, \"19\": 2.0, \"20\": 2.0, \"21\": 1.5, \"22\": 2.0, \"25\": 2.0, \"26\": 2.0, \"27\": 2.0, \"28\": 2.0, \"29\": 1.5, \"30\": 1.5, \"31\": 1.5, \"32\": 1.5, \"33\": 1.5, \"34\": 1.5, \"35\": 1.5, \"36\": 2.0, \"37\": 2.0, \"38\": 2.0, \"39\": 2.0, \"40\": 2.0, \"41\": 2.0, \"42\": 2.0, \"43\": 2.0, \"44\": 2.0, \"45\": 1.5, \"46\": 1.5, \"47\": 2.0, \"48\": 1.5, \"49\": 1.5, \"50\": 2.0}"
  }
},
{
  "model": "main.testsession",
  "pk": 6,
  "fields": {
    "registration": 6,
    "started_at": "2025-10-02T12:14:41.401Z",
    "completed_at": "2025-10-02T12:25:01.821Z",
    "is_completed": true,
    "answers_json": "{\"1\": 1.0, \"2\": 1.0, \"3\": 0.5, \"4\": 2.0, \"23\": 1.5, \"24\": 1.5, \"10\": 2.0, \"11\": 0.0, \"12\": 0.0, \"13\": 1.5, \"5\": 2.0, \"6\": 1.5, \"7\": 2.0, \"8\": 1.0, \"9\": 0.5, \"14\": 0.0, \"15\": 0.0, \"16\": 0.0, \"17\": 0.5, \"18\": 2.0, \"19\": 2.0, \"20\": 1.5, \"21\": 2.0, \"22\": 0.5, \"25\": 1.0, \"26\": 0.5, \"27\": 1.5, \"28\": 1.0, \"29\": 1.5, \"30\": 1.0, \"31\": 1.0, \"32\": 0.0, \"33\": 1.0, \"34\": 0.5, \"35\": 0.5, \"36\": 0.5, \"37\": 2.0, \"38\": 0.5, \"39\": 2.0, \"40\": 0.0, \"41\": 0.0, \"42\": 1.5, \"43\": 0.0, \"44\": 2.0, \"45\": 1.5, \"46\": 0.0, \"47\": 1.0, \"48\": 1.5, \"49\": 1.0, \"50\": 0.5}"
  }
},
{
  "model": "main.testsession",
  "pk": 7,
  "fields": {
    "registration": 7,
    "started_at": "2025-10-02T12:49:31.271Z",
    "completed_at": "2025-10-02T12:54:54.694Z",
    "is_completed": true,
    "answers_json": "{\"1\": 1.0, \"44\": 2.0, \"35\": 1.5, \"42\": 1.5, \"2\": 1.0, \"3\": 0.5, \"10\": 2.0, \"50\": 1.5, \"45\": 1.5, \"16\": 0.0, \"5\": 2.0, \"11\": 0.0, \"31\": 1.0, \"4\": 2.0, \"43\": 0.0, \"6\": 1.5, \"22\": 0.5, \"46\": 0.0, \"36\": 0.5, \"7\": 2.0, \"8\": 1.0, \"17\": 0.5, \"12\": 0.0, \"13\": 1.5, \"32\": 0.0, \"47\": 1.0, \"14\": 0.0, \"23\": 1.5, \"48\": 0.5, \"18\": 2.0, \"24\": 0.5, \"25\": 1.0, \"9\": 0.5, \"19\": 2.0, \"20\": 1.5, \"21\": 2.0, \"33\": 1.0, \"26\": 0.5, \"27\": 1.5, \"37\": 2.0, \"28\": 1.0, \"29\": 1.5, \"38\": 0.5, \"34\": 0.5, \"15\": 2.0, \"49\": 1.0, \"39\": 2.0, \"40\": 0.0, \"30\": 1.0, \"41\": 0.0}"
  }
},
{
  "model": "main.testsession",
  "pk": 8,
  "fields": {
    "registration": 8,
    "started_at": "2025-10-02T17:44:53.087Z",
    "completed_at": "2025-10-02T17:50:23.123Z",
    "is_completed": true,
    "answers_json": "{\"1\": 1.0, \"44\": 2.0, \"35\": 1.5, \"42\": 1.5, \"2\": 1.0, \"3\": 0.5, \"10\": 2.0, \"50\": 1.5, \"45\": 1.5, \"16\": 0.0, \"5\": 2.0, \"11\": 0.0, \"31\": 1.0, \"4\": 2.0, \"43\": 0.0, \"6\": 0.5, \"22\": 0.5, \"46\": 0.0, \"36\": 0.5, \"7\": 2.0, \"8\": 1.0, \"17\": 0.5, \"12\": 0.0, \"13\": 1.5, \"32\": 0.0, \"47\": 1.0, \"14\": 0.0, \"23\": 1.5, \"48\": 0.5, \"18\": 2.0, \"24\": 0.5, \"25\": 1.0, \"9\": 0.5, \"19\": 2.0, \"20\": 1.5, \"21\": 2.0, \"33\": 1.0, \"26\": 0.5, \"27\": 1.5, \"37\": 2.0, \"28\": 1.0, \"29\": 1.5, \"38\": 0.5, \"34\": 0.5, \"15\": 2.0, \"49\": 1.0, \"39\": 2.0, \"40\": 0.0, \"30\": 1.0, \"41\": 0.0}"
  }
},
{
  "model": "main.testsession",
  "pk": 9,
  "fields": {
    "registration": 9,
    "started_at": "2025-10-02T19:32:06.609Z",
    "completed_at": "2025-10-02T19:33:19.947Z",
    "is_completed": true,
    "answers_json": "{\"1\": 2.0, \"44\": 2.0, \"35\": 0.0, \"42\": 2.0, \"2\": 2.0, \"3\": 2.0, \"10\": 2.0, \"50\": 0.0, \"45\": 2.0, \"16\": 2.0, \"5\": 2.0, \"11\": 2.0, \"31\": 2.0, \"4\": 2.0, \"43\": 2.0, \"6\": 0.0, \"22\": 2.0, \"46\": 2.0, \"36\": 2.0, \"7\": 2.0, \"8\": 0.0, \"17\": 2.0, \"12\": 2.0, \"13\": 2.0, \"32\": 2.0, \"47\": 2.0, \"14\": 2.0, \"23\": 2.0, \"48\": 0.0, \"18\": 2.0, \"24\": 0.0, \"25\": 2.0, \"9\": 2.0, \"19\": 2.0, \"20\": 2.0, \"21\": 2.0, \"33\": 2.0, \"26\": 2.0, \"27\": 2.0, \"37\": 2.0, \"28\": 0.0, \"29\": 2.0, \"38\": 2.0, \"34\": 2.0, \"15\": 0.0, \"49\": 2.0, \"39\": 2.0, \"40\": 2.0, \"30\": 2.0, \"41\": 2.0}"
  }
},
{
  "model": "main.testsession",
  "pk": 10,
  "fields": {
    "registration": 10,
    "started_at": "2025-10-02T21:19:21.488Z",
    "completed_at": "2025-10-02T21:20:35.603Z",
    "is_completed": true,
    "answers_json": "{\"1\": 2.0, \"44\": 2.0, \"35\": 0.0, \"42\": 2.0, \"2\": 2.0, \"3\": 2.0, \"10\": 2.0, \"50\": 0.0, \"45\": 2.0, \"16\": 2.0, \"5\": 2.0, \"11\": 2.0, \"31\": 2.0, \"4\": 2.0, \"43\": 2.0, \"6\": 0.0, \"22\": 2.0, \"46\": 2.0, \"36\": 2.0, \"7\": 2.0, \"8\": 0.0, \"17\": 2.0, \"12\": 2.0, \"13\": 2.0, \"32\": 2.0, \"47\": 2.0, \"14\": 2.0, \"23\": 2.0, \"48\": 0.0, \"18\": 2.0, \"24\": 0.0, \"25\": 2.0, \"9\": 2.0, \"19\": 2.0, \"20\": 2.0, \"21\": 2.0, \"33\": 2.0, \"26\": 2.0, \"27\": 2.0, \"37\": 2.0, \"28\": 0.0, \"29\": 2.0, \"38\": 2.0, \"34\": 2.0, \"15\": 0.0, \"49\": 2.0, \"39\": 2.0, \"40\": 2.0, \"30\": 2.0, \"41\": 2.0}"
  }
},
{
  "model": "main.testsession",
  "pk": 11,
  "fields": {
    "registration": 11,
    "started_at": "2025-10-02T22:16:41.170Z",
    "completed_at": "2025-10-02T22:17:40.041Z",
    "is_completed": true,
    "answers_json": "{\"1\": 2.0, \"44\": 2.0, \"35\": 0.5, \"42\": 1.0, \"2\": 1.0, \"3\": 0.5, \"10\": 1.0, \"50\": 0.5, \"45\": 1.0, \"16\": 2.0, \"5\": 1.5, \"11\": 2.0, \"31\": 2.0, \"4\": 2.0, \"43\": 2.0, \"6\": 0.0, \"22\": 2.0, \"46\": 2.0, \"36\": 2.0, \"7\": 2.0, \"8\": 1.5, \"17\": 1.5, \"12\": 2.0, \"13\": 2.0, \"32\": 0.5, \"47\": 2.0, \"14\": 1.5, \"23\": 0.5, \"48\": 0.0, \"18\": 2.0, \"24\": 0.5, \"25\": 0.5, \"9\": 2.0, \"19\": 2.0, \"20\": 2.0, \"21\": 1.5, \"33\": 1.0, \"26\": 1.0, \"27\": 2.0, \"37\": 2.0, \"28\": 0.0, \"29\": 2.0, \"38\": 1.0, \"34\": 0.5, \"15\": 1.0, \"49\": 1.0, \"39\": 0.5, \"40\": 1.5, \"30\": 1.5, \"41\": 1.5}"
  }
},
{
  "model": "main.testsession",
  "pk": 12,
  "fields": {
    "registration": 12,
    "started_at": "2025-10-02T22:21:23.332Z",
    "completed_at": "2025-10-02T22:22:22.304Z",
    "is_completed": true,
    "answers_json": "{\"1\": 2.0, \"44\": 2.0, \"35\": 0.5, \"42\": 0.5, \"2\": 0.5, \"3\": 0.5, \"10\": 0.0, \"50\": 1.5, \"45\": 1.5, \"16\": 1.5, \"5\": 1.0, \"11\": 1.5, \"31\": 1.5, \"4\": 1.0, \"43\": 0.5, \"6\": 0.5, \"22\": 0.0, \"46\": 0.5, \"36\": 1.5, \"7\": 1.0, \"8\": 1.0, \"17\": 1.5, \"12\": 2.0, \"13\": 1.5, \"32\": 1.0, \"47\": 2.0, \"14\": 1.5, \"23\": 1.0, \"48\": 0.5, \"18\": 1.0, \"24\": 0.0, \"25\": 0.5, \"9\": 1.5, \"19\": 1.0, \"20\": 2.0, \"21\": 1.5, \"33\": 2.0, \"26\": 1.0, \"27\": 1.5, \"37\": 1.5, \"28\": 1.0, \"29\": 1.0, \"38\": 0.0, \"34\": 1.0, \"15\": 0.5, \"49\": 0.5, \"39\": 1.5, \"40\": 0.5, \"30\": 2.0, \"41\": 1.5}"
  }
},
{
  "model": "main.testsession",
  "pk": 13,
  "fields": {
    "registration": 13,
    "started_at": "2025-10-02T22:24:22.572Z",
    "completed_at": "2025-10-02T22:25:16.979Z",
    "is_completed": true,
    "answers_json": "{\"1\": 1.5, \"44\": 1.0, \"35\": 1.0, \"42\": 1.5, \"2\": 2.0, \"3\": 1.0, \"10\": 1.0, \"50\": 1.0, \"45\": 0.5, \"16\": 1.5, \"5\": 1.5, \"11\": 1.5, \"31\": 0.0, \"4\": 1.0, \"43\": 1.0, \"6\": 0.0, \"22\": 2.0, \"46\": 1.5, \"36\": 1.0, \"7\": 0.5, \"8\": 1.0, \"17\": 1.5, \"12\": 2.0, \"13\": 1.0, \"32\": 0.5, \"47\": 1.5, \"14\": 0.5, \"23\": 2.0, \"48\": 1.0, \"18\": 0.0, \"24\": 1.0, \"25\": 2.0, \"9\": 2.0, \"19\": 1.0, \"20\": 1.0, \"21\": 1.5, \"33\": 1.5, \"26\": 2.0, \"27\": 0.5, \"37\": 1.5, \"28\": 1.5, \"29\": 2.0, \"38\": 1.5, \"34\": 0.5, \"15\": 1.0, \"49\": 1.5, \"39\": 2.0, \"40\": 0.5, \"30\": 0.5, \"41\": 0.0}"
  }
},
{
  "model": "main.testsession",
  "pk": 14,
  "fields": {
    "registration": 14,
    "started_at": "2025-10-02T22:37:58.188Z",
    "completed_at": "2025-10-02T22:38:58.437Z",
    "is_completed": true,
    "answers_json": "{\"1\": 1.5, \"44\": 2.0, \"35\": 0.0, \"42\": 1.0, \"2\": 1.0, \"3\": 1.5, \"10\": 1.0, \"50\": 0.0, \"45\": 1.5, \"16\": 1.5, \"5\": 1.5, \"11\": 2.0, \"31\": 1.5, \"4\": 1.5, \"43\": 2.0, \"6\": 1.5, \"22\": 1.0, \"46\": 0.5, \"36\": 1.0, \"7\": 2.0, \"8\": 0.5, \"17\": 1.0, \"12\": 0.5, \"13\": 0.5, \"32\": 2.0, \"47\": 0.5, \"14\": 0.0, \"23\": 0.5, \"48\": 2.0, \"18\": 0.5, \"24\": 0.0, \"25\": 2.0, \"9\": 0.0, \"19\": 1.5, \"20\": 1.0, \"21\": 1.0, \"33\": 0.5, \"26\": 0.0, \"27\": 0.5, \"37\": 0.5, \"28\": 1.5, \"29\": 0.0, \"38\": 2.0, \"34\": 1.5, \"15\": 0.0, \"49\": 1.0, \"39\": 1.5, \"40\": 2.0, \"30\": 1.0, \"41\": 2.0}"
  }
},
{
  "model": "main.testsession",
  "pk": 15,
  "fields": {
    "registration": 15,
    "started_at": "2025-10-02T22:39:34.452Z",
    "completed_at": "2025-10-02T22:40:31.836Z",
    "is_completed": true,
    "answers_json": "{\"1\": 1.5, \"44\": 1.0, \"35\": 1.0, \"42\": 0.5, \"2\": 0.0, \"3\": 0.0, \"10\": 0.5, \"50\": 1.5, \"45\": 0.5, \"16\": 1.5, \"5\": 2.0, \"11\": 2.0, \"31\": 2.0, \"4\": 0.5, \"43\": 1.5, \"6\": 0.5, \"22\": 1.0, \"46\": 1.0, \"36\": 0.5, \"7\": 0.0, \"8\": 0.5, \"17\": 2.0, \"12\": 1.5, \"13\": 2.0, \"32\": 2.0, \"47\": 1.5, \"14\": 1.5, \"23\": 0.5, \"48\": 0.5, \"18\": 1.5, \"24\": 1.0, \"25\": 0.5, \"9\": 1.0, \"19\": 0.5, \"20\": 0.5, \"21\": 1.5, \"33\": 1.0, \"26\": 0.5, \"27\": 0.0, \"37\": 1.0, \"28\": 0.0, \"29\": 1.5, \"38\": 2.0, \"34\": 1.5, \"15\": 2.0, \"49\": 1.5, \"39\": 1.5, \"40\": 1.5, \"30\": 1.0, \"41\": 1.0}"
  }
},
{
  "model": "main.testsession",
  "pk": 16,
  "fields": {
    "registration": 16,
    "started_at": "2025-10-02T23:09:05.498Z",
    "completed_at": "2025-10-02T23:10:32.139Z",
    "is_completed": true,
    "answers_json": "{\"1\": 2.0, \"44\": 2.0, \"35\": 0.0, \"42\": 2.0, \"2\": 2.0, \"3\": 2.0, \"10\": 2.0, \"50\": 0.0, \"45\": 2.0, \"16\": 2.0, \"5\": 2.0, \"11\": 2.0, \"31\": 2.0, \"4\": 2.0, \"43\": 2.0, \"6\": 0.0, \"22\": 2.0, \"46\": 2.0, \"36\": 2.0, \"7\": 2.0, \"8\": 0.0, \"17\": 2.0, \"12\": 2.0, \"13\": 2.0, \"32\": 2.0, \"47\": 2.0, \"14\": 2.0, \"23\": 2.0, \"48\": 0.0, \"18\": 2.0, \"24\": 0.0, \"25\": 2.0, \"9\": 2.0, \"19\": 2.0, \"20\": 2.0, \"21\": 2.0, \"33\": 2.0, \"26\": 2.0, \"27\": 2.0, \"37\": 2.0, \"28\": 0.0, \"29\": 2.0, \"38\": 2.0, \"34\": 2.0, \"15\": 0.0, \"49\": 2.0, \"39\": 2.0, \"40\": 2.0, \"30\": 2.0, \"41\": 2.0}"
  }
},
{
  "model": "main.testsession",
  "pk": 17,
  "fields": {
    "registration": 17,
    "started_at": "2025-10-02T23:12:24.418Z",
    "completed_at": "2025-10-02T23:13:28.587Z",
    "is_completed": true,
    "answers_json": "{\"1\": 2.0, \"44\": 2.0, \"35\": 0.0, \"42\": 2.0, \"2\": 2.0, \"3\": 2.0, \"10\": 2.0, \"50\": 0.0, \"45\": 2.0, \"16\": 2.0, \"5\": 2.0, \"11\": 2.0, \"31\": 2.0, \"4\": 2.0, \"43\": 2.0, \"6\": 0.0, \"22\": 2.0, \"46\": 2.0, \"36\": 2.0, \"7\": 2.0, \"8\": 0.0, \"17\": 2.0, \"12\": 2.0, \"13\": 2.0, \"32\": 2.0, \"47\": 2.0, \"14\": 2.0, \"23\": 2.0, \"48\": 0.0, \"18\": 2.0, \"24\": 0.0, \"25\": 2.0, \"9\": 2.0, \"19\": 2.0, \"20\": 2.0, \"21\": 2.0, \"33\": 2.0, \"26\": 2.0, \"27\": 2.0, \"37\": 2.0, \"28\": 0.0, \"29\": 2.0, \"38\": 2.0, \"34\": 2.0, \"15\": 0.0, \"49\": 2.0, \"39\": 2.0, \"40\": 2.0, \"30\": 2.0, \"41\": 2.0}"
  }
},
{
  "model": "main.testsession",
  "pk": 18,
  "fields": {
    "registration": 18,
    "started_at": "2025-10-02T23:14:19.552Z",
    "completed_at": "2025-10-02T23:15:25.343Z",
    "is_completed": true,
    "answers_json": "{\"1\": 1.0, \"44\": 1.5, \"35\": 1.5, \"42\": 0.5, \"2\": 2.0, \"3\": 2.0, \"10\": 1.5, \"50\": 0.0, \"45\": 1.5, \"16\": 0.5, \"5\": 1.0, \"11\": 1.5, \"31\": 0.5, \"4\": 1.5, \"43\": 2.0, \"6\": 0.0, \"22\": 1.5, \"46\": 2.0, \"36\": 1.0, \"7\": 1.5, \"8\": 1.0, \"17\": 0.5, \"12\": 1.5, \"13\": 0.5, \"32\": 0.0, \"47\": 1.5, \"14\": 2.0, \"23\": 1.5, \"48\": 2.0, \"18\": 1.0, \"24\": 0.5, \"25\": 1.0, \"9\": 1.5, \"19\": 0.5, \"20\": 0.5, \"21\": 1.5, \"33\": 2.0, \"26\": 1.0, \"27\": 1.0, \"37\": 1.5, \"28\": 1.0, \"29\": 1.0, \"38\": 0.0, \"34\": 1.5, \"15\": 1.0, \"49\": 1.0, \"39\": 1.0, \"40\": 1.0, \"30\": 1.0, \"41\": 2.0}"
  }
},
{
  "model": "main.testsession",
  "pk": 19,
  "fields": {
    "registration": 19,
    "started_at": "2025-10-02T23:37:37.037Z",
    "completed_at": "2025-10-02T23:38:36.670Z",
    "is_completed": true,
    "answers_json": "{\"1\": 2.0, \"44\": 2.0, \"35\": 0.0, \"42\": 2.0, \"2\": 2.0, \"3\": 1.5, \"10\": 2.0, \"50\": 0.5, \"45\": 1.5, \"16\": 1.5, \"5\": 1.5, \"11\": 2.0, \"31\": 1.5, \"4\": 1.5, \"43\": 2.0, \"6\": 0.0, \"22\": 1.0, \"46\": 1.5, \"36\": 0.5, \"7\": 1.0, \"8\": 1.0, \"17\": 2.0, \"12\": 2.0, \"13\": 1.5, \"32\": 1.0, \"47\": 2.0, \"14\": 1.0, \"23\": 2.0, \"48\": 0.5, \"18\": 2.0, \"24\": 0.5, \"25\": 1.0, \"9\": 2.0, \"19\": 2.0, \"20\": 1.0, \"21\": 1.5, \"33\": 1.5, \"26\": 1.5, \"27\": 1.0, \"37\": 0.5, \"28\": 1.0, \"29\": 0.5, \"38\": 1.5, \"34\": 0.0, \"15\": 1.0, \"49\": 1.0, \"39\": 1.0, \"40\": 0.5, \"30\": 1.0, \"41\": 1.0}"
  }
},
{
  "model": "main.testsession",
  "pk": 20,
  "fields": {
    "registration": 20,
    "started_at": "2025-10-04T11:45:40.559Z",
    "completed_at": null,
    "is_completed": false,
    "answers_json": ""
  }
},
{
  "model": "main.testsession",
  "pk": 21,
  "fields": {
    "registration": 21,
    "started_at": "2025-10-04T12:01:36.174Z",
    "completed_at": "2025-10-04T12:02:48.109Z",
    "is_completed": true,
    "answers_json": "{\"1\": 2.0, \"44\": 2.0, \"35\": 0.0, \"42\": 2.0, \"2\": 2.0, \"3\": 2.0, \"10\": 2.0, \"50\": 0.0, \"45\": 2.0, \"16\": 2.0, \"5\": 2.0, \"11\": 2.0, \"31\": 2.0, \"4\": 2.0, \"43\": 2.0, \"6\": 0.0, \"22\": 2.0, \"46\": 2.0, \"36\": 2.0, \"7\": 2.0, \"8\": 0.0, \"17\": 2.0, \"12\": 2.0, \"13\": 2.0, \"32\": 2.0, \"47\": 2.0, \"14\": 2.0, \"23\": 2.0, \"48\": 0.0, \"18\": 2.0, \"24\": 0.0, \"25\": 2.0, \"9\": 2.0, \"19\": 2.0, \"20\": 2.0, \"21\": 2.0, \"33\": 2.0, \"26\": 2.0, \"27\": 2.0, \"37\": 2.0, \"28\": 0.0, \"29\": 2.0, \"38\": 2.0, \"34\": 2.0, \"15\": 0.0, \"49\": 2.0, \"39\": 2.0, \"40\": 2.0, \"30\": 2.0, \"41\": 2.0}"
  }
},
{
  "model": "main.testsession",
  "pk": 22,
  "fields": {
    "registration": 22,
    "started_at": "2025-10-04T20:52:57.153Z",
    "completed_at": "2025-10-04T20:54:02.214Z",
    "is_completed": true,
    "answers_json": "{\"1\": 2.0, \"44\": 0.5, \"35\": 0.5, \"42\": 1.5, \"2\": 1.0, \"3\": 2.0, \"10\": 0.5, \"50\": 2.0, \"45\": 1.0, \"16\": 1.0, \"5\": 1.5, \"11\": 1.0, \"31\": 1.0, \"4\": 0.0, \"43\": 0.5, \"6\": 0.5, \"22\": 1.5, \"46\": 0.5, \"36\": 0.5, \"7\": 0.5, \"8\": 0.5, \"17\": 1.5, \"12\": 0.0, \"13\": 1.5, \"32\": 1.5, \"47\": 1.0, \"14\": 1.5, \"23\": 0.5, \"48\": 0.5, \"18\": 1.0, \"24\": 0.5, \"25\": 0.5, \"9\": 2.0, \"19\": 2.0, \"20\": 0.0, \"21\": 1.5, \"33\": 1.5, \"26\": 1.5, \"27\": 1.5, \"37\": 1.5, \"28\": 1.5, \"29\": 1.0, \"38\": 1.0, \"34\": 1.0, \"15\": 1.5, \"49\": 1.5, \"39\": 1.5, \"40\": 1.0, \"30\": 0.5, \"41\": 1.0}"
  }
},
{
  "model": "main.testsession",
  "pk": 23,
  "fields": {
    "registration": 23,
    "started_at": "2025-10-05T17:21:11.706Z",
    "completed_at": "2025-10-05T17:22:31.087Z",
    "is_completed": true,
    "answers_json": "{\"1\": 1.0, \"44\": 1.0, \"35\": 1.0, \"42\": 1.0, \"2\": 1.0, \"3\": 1.0, \"10\": 1.0, \"50\": 1.0, \"45\": 1.0, \"16\": 1.0, \"5\": 1.0, \"11\": 1.0, \"31\": 1.0, \"4\": 1.0, \"43\": 1.0, \"6\": 1.0, \"22\": 1.0, \"46\": 1.0, \"36\": 1.0, \"7\": 1.0, \"8\": 1.0, \"17\": 1.0, \"12\": 1.0, \"13\": 1.0, \"32\": 1.0, \"47\": 1.0, \"14\": 1.0, \"23\": 1.0, \"48\": 1.0, \"18\": 1.0, \"24\": 1.0, \"25\": 1.0, \"9\": 1.0, \"19\": 1.0, \"20\": 1.0, \"21\": 1.0, \"33\": 1.0, \"26\": 1.0, \"27\": 1.0, \"37\": 1.0, \"28\": 1.0, \"29\": 1.0, \"38\": 1.0, \"34\": 1.0, \"15\": 1.0, \"49\": 1.0, \"39\": 1.0, \"40\": 1.0, \"30\": 1.0, \"41\": 1.0}"
  }
},
{
  "model": "main.testsession",
  "pk": 24,
  "fields": {
    "registration": 24,
    "started_at": "2025-10-05T17:32:28.700Z",
    "completed_at": "2025-10-05T17:33:47.401Z",
    "is_completed": true,
    "answers_json": "{\"1\": 1.0, \"44\": 1.0, \"35\": 1.0, \"42\": 1.0, \"2\": 1.0, \"3\": 1.0, \"10\": 1.0, \"50\": 1.0, \"45\": 1.0, \"16\": 1.0, \"5\": 1.0, \"11\": 1.0, \"31\": 1.0, \"4\": 1.0, \"43\": 1.0, \"6\": 1.0, \"22\": 1.0, \"46\": 1.0, \"36\": 1.0, \"7\": 1.0, \"8\": 1.0, \"17\": 1.0, \"12\": 1.0, \"13\": 1.0, \"32\": 1.0, \"47\": 1.0, \"14\": 1.0, \"23\": 1.0, \"48\": 1.0, \"18\": 1.0, \"24\": 1.0, \"25\": 1.0, \"9\": 1.0, \"19\": 1.0, \"20\": 1.0, \"21\": 1.0, \"33\": 1.0, \"26\": 1.0, \"27\": 1.0, \"37\": 1.0, \"28\": 1.0, \"29\": 1.0, \"38\": 1.0, \"34\": 1.0, \"15\": 1.0, \"49\": 1.0, \"39\": 1.0, \"40\": 1.0, \"30\": 1.0, \"41\": 1.0}"
  }
},
{
  "model": "main.testsession",
  "pk": 25,
  "fields": {
    "registration": 25,
    "started_at": "2025-10-05T17:38:08.530Z",
    "completed_at": "2025-10-05T17:39:27.761Z",
    "is_completed": true,
    "answers_json": "{\"1\": 0.5, \"44\": 0.5, \"35\": 1.5, \"42\": 0.5, \"2\": 0.5, \"3\": 0.5, \"10\": 0.5, \"50\": 1.5, \"45\": 0.5, \"16\": 0.5, \"5\": 0.5, \"11\": 0.5, \"31\": 0.5, \"4\": 0.5, \"43\": 0.5, \"6\": 1.5, \"22\": 0.5, \"46\": 0.5, \"36\": 0.5, \"7\": 0.5, \"8\": 1.5, \"17\": 0.5, \"12\": 0.5, \"13\": 0.5, \"32\": 0.5, \"47\": 0.5, \"14\": 0.5, \"23\": 0.5, \"48\": 1.5, \"18\": 0.5, \"24\": 1.5, \"25\": 0.5, \"9\": 0.5, \"19\": 0.5, \"20\": 0.5, \"21\": 0.5, \"33\": 0.5, \"26\": 0.5, \"27\": 0.5, \"37\": 0.5, \"28\": 1.5, \"29\": 0.5, \"38\": 0.5, \"34\": 0.5, \"15\": 1.5, \"49\": 0.5, \"39\": 0.5, \"40\": 0.5, \"30\": 0.5, \"41\": 0.5}"
  }
},
{
  "model": "main.testsession",
  "pk": 26,
  "fields": {
    "registration": 26,
    "started_at": "2025-10-05T17:41:06.742Z",
    "completed_at": "2025-10-05T17:42:47.508Z",
    "is_completed": true,
    "answers_json": "{\"1\": 0.5, \"44\": 0.5, \"35\": 1.5, \"42\": 0.5, \"2\": 0.5, \"3\": 0.5, \"10\": 0.5, \"50\": 1.5, \"45\": 0.5, \"16\": 0.5, \"5\": 0.5, \"11\": 0.5, \"31\": 0.5, \"4\": 0.5, \"43\": 0.5, \"6\": 1.5, \"22\": 0.5, \"46\": 0.5, \"36\": 0.5, \"7\": 0.5, \"8\": 1.5, \"17\": 0.5, \"12\": 0.5, \"13\": 0.5, \"32\": 0.5, \"47\": 0.5, \"14\": 0.5, \"23\": 0.5, \"48\": 1.5, \"18\": 0.5, \"24\": 1.5, \"25\": 0.5, \"9\": 0.5, \"19\": 0.5, \"20\": 0.5, \"21\": 0.5, \"33\": 0.5, \"26\": 0.5, \"27\": 0.5, \"37\": 0.5, \"28\": 1.5, \"29\": 0.5, \"38\": 0.5, \"34\": 0.5, \"15\": 1.5, \"49\": 0.5, \"39\": 0.5, \"40\": 0.5, \"30\": 0.5, \"41\": 0.5}"
  }
},
{
  "model": "main.testsession",
  "pk": 27,
  "fields": {
    "registration": 27,
    "started_at": "2025-10-05T17:45:09.900Z",
    "completed_at": "2025-10-05T17:46:21.302Z",
    "is_completed": true,
    "answers_json": "{\"1\": 0.5, \"44\": 0.5, \"35\": 1.5, \"42\": 0.5, \"2\": 0.5, \"3\": 0.5, \"10\": 0.5, \"50\": 1.5, \"45\": 0.5, \"16\": 0.5, \"5\": 0.5, \"11\": 0.5, \"31\": 0.5, \"4\": 0.5, \"43\": 0.5, \"6\": 1.5, \"22\": 0.5, \"46\": 0.5, \"36\": 0.5, \"7\": 0.5, \"8\": 1.5, \"17\": 0.5, \"12\": 0.5, \"13\": 0.5, \"32\": 0.5, \"47\": 0.5, \"14\": 0.5, \"23\": 0.5, \"48\": 1.5, \"18\": 0.5, \"24\": 1.5, \"25\": 0.5, \"9\": 0.5, \"19\": 0.5, \"20\": 0.5, \"21\": 0.5, \"33\": 0.5, \"26\": 0.5, \"27\": 0.5, \"37\": 0.5, \"28\": 1.5, \"29\": 0.5, \"38\": 0.5, \"34\": 0.5, \"15\": 1.5, \"49\": 0.5, \"39\": 0.5, \"40\": 0.5, \"30\": 0.5, \"41\": 0.5}"
  }
},
{
  "model": "main.testsession",
  "pk": 28,
  "fields": {
    "registration": 28,
    "started_at": "2025-10-05T17:49:01.032Z",
    "completed_at": "2025-10-05T17:50:11.016Z",
    "is_completed": true,
    "answers_json": "{\"1\": 0.5, \"44\": 0.5, \"35\": 1.5, \"42\": 0.5, \"2\": 0.5, \"3\": 0.5, \"10\": 0.5, \"50\": 1.5, \"45\": 0.5, \"16\": 0.5, \"5\": 0.5, \"11\": 0.5, \"31\": 0.5, \"4\": 0.5, \"43\": 0.5, \"6\": 1.5, \"22\": 0.5, \"46\": 0.5, \"36\": 0.5, \"7\": 0.5, \"8\": 1.5, \"17\": 0.5, \"12\": 0.5, \"13\": 0.5, \"32\": 0.5, \"47\": 0.5, \"14\": 0.5, \"23\": 0.5, \"48\": 1.5, \"18\": 0.5, \"24\": 1.5, \"25\": 0.5, \"9\": 0.5, \"19\": 0.5, \"20\": 0.5, \"21\": 0.5, \"33\": 0.5, \"26\": 0.5, \"27\": 0.5, \"37\": 0.5, \"28\": 1.5, \"29\": 0.5, \"38\": 0.5, \"34\": 0.5, \"15\": 1.5, \"49\": 0.5, \"39\": 0.5, \"40\": 0.5, \"30\": 0.5, \"41\": 0.5}"
  }
},
{
  "model": "main.testsession",
  "pk": 29,
  "fields": {
    "registration": 29,
    "started_at": "2025-10-05T18:05:48.951Z",
    "completed_at": "2025-10-05T18:06:58.102Z",
    "is_completed": true,
    "answers_json": "{\"1\": 0.5, \"44\": 0.5, \"35\": 1.5, \"42\": 0.5, \"2\": 0.5, \"3\": 0.5, \"10\": 0.5, \"50\": 1.5, \"45\": 0.5, \"16\": 0.5, \"5\": 0.5, \"11\": 0.5, \"31\": 0.5, \"4\": 0.5, \"43\": 0.5, \"6\": 1.5, \"22\": 0.5, \"46\": 0.5, \"36\": 0.5, \"7\": 0.5, \"8\": 1.5, \"17\": 0.5, \"12\": 0.5, \"13\": 0.5, \"32\": 0.5, \"47\": 0.0, \"14\": 0.0, \"23\": 0.0, \"48\": 2.0, \"18\": 0.0, \"24\": 2.0, \"25\": 0.0, \"9\": 0.0, \"19\": 0.0, \"20\": 0.0, \"21\": 0.0, \"33\": 0.0, \"26\": 0.0, \"27\": 0.0, \"37\": 0.0, \"28\": 2.0, \"29\": 0.0, \"38\": 0.0, \"34\": 0.0, \"15\": 2.0, \"49\": 0.0, \"39\": 0.0, \"40\": 0.0, \"30\": 0.0, \"41\": 0.0}"
  }
},
{
  "model": "main.testresult",
  "pk": 3,
  "fields": {
    "session": 5,
    "total_score": "0.76",
    "trait_scores_json": "{\"الاستقلالية\": {\"name\": \"الاستقلالية\", \"name_en\": \"Autonomy\", \"percentage\": 75.0, \"user_score\": 15.0, \"max_score\": 20.0, \"weight\": 15, \"weighted_score\": 11.25}, \"المخاطرة\": {\"name\": \"المخاطرة\", \"name_en\": \"Risk-Taking\", \"percentage\": 66.66666666666667, \"user_score\": 8.0, \"max_score\": 12.0, \"weight\": 20, \"weighted_score\": 13.333333333333334}, \"الثقة بالنفس\": {\"name\": \"الثقة بالنفس\", \"name_en\": \"Self-Confidence\", \"percentage\": 71.42857142857143, \"user_score\": 10.0, \"max_score\": 14.0, \"weight\": 15, \"weighted_score\": 10.714285714285714}, \"الإبداع والابتكار\": {\"name\": \"الإبداع والابتكار\", \"name_en\": \"Creativity & Innovation\", \"percentage\": 87.5, \"user_score\": 10.5, \"max_score\": 12.0, \"weight\": 15, \"weighted_score\": 13.125}, \"المثابرة\": {\"name\": \"المثابرة\", \"name_en\": \"Perseverance\", \"percentage\": 72.22222222222223, \"user_score\": 13.0, \"max_score\": 18.0, \"weight\": 15, \"weighted_score\": 10.833333333333334}, \"حل المشكلات\": {\"name\": \"حل المشكلات\", \"name_en\": \"Problem-Solving\", \"percentage\": 75.0, \"user_score\": 6.0, \"max_score\": 8.0, \"weight\": 10, \"weighted_score\": 7.5}, \"التواصل والتأثير\": {\"name\": \"التواصل والتأثير\", \"name_en\": \"Communication & Influence\", \"percentage\": 90.625, \"user_score\": 14.5, \"max_score\": 16.0, \"weight\": 10, \"weighted_score\": 9.0625}}",
    "certificate_path": "certificates/certificate_5_20250929_211439.png",
    "created_at": "2025-09-29T21:14:39.399Z",
    "time_taken_minutes": 13
  }
},
{
  "model": "main.testresult",
  "pk": 4,
  "fields": {
    "session": 6,
    "total_score": "0.54",
    "trait_scores_json": "{\"الاستقلالية\": {\"name\": \"الاستقلالية\", \"name_en\": \"Autonomy\", \"percentage\": 52.5, \"user_score\": 10.5, \"max_score\": 20.0, \"weight\": 15, \"weighted_score\": 7.875}, \"المخاطرة\": {\"name\": \"المخاطرة\", \"name_en\": \"Risk-Taking\", \"percentage\": 70.83333333333333, \"user_score\": 8.5, \"max_score\": 12.0, \"weight\": 20, \"weighted_score\": 14.166666666666666}, \"الثقة بالنفس\": {\"name\": \"الثقة بالنفس\", \"name_en\": \"Self-Confidence\", \"percentage\": 39.285714285714285, \"user_score\": 5.5, \"max_score\": 14.0, \"weight\": 15, \"weighted_score\": 5.892857142857143}, \"الإبداع والابتكار\": {\"name\": \"الإبداع والابتكار\", \"name_en\": \"Creativity & Innovation\", \"percentage\": 66.66666666666667, \"user_score\": 8.0, \"max_score\": 12.0, \"weight\": 15, \"weighted_score\": 10.0}, \"المثابرة\": {\"name\": \"المثابرة\", \"name_en\": \"Perseverance\", \"percentage\": 50.0, \"user_score\": 9.0, \"max_score\": 18.0, \"weight\": 15, \"weighted_score\": 7.5}, \"حل المشكلات\": {\"name\": \"حل المشكلات\", \"name_en\": \"Problem-Solving\", \"percentage\": 31.25, \"user_score\": 2.5, \"max_score\": 8.0, \"weight\": 10, \"weighted_score\": 3.125}, \"التواصل والتأثير\": {\"name\": \"التواصل والتأثير\", \"name_en\": \"Communication & Influence\", \"percentage\": 50.0, \"user_score\": 8.0, \"max_score\": 16.0, \"weight\": 10, \"weighted_score\": 5.0}}",
    "certificate_path": "certificates/certificate_6_20251002_122501.png",
    "created_at": "2025-10-02T12:25:01.882Z",
    "time_taken_minutes": 10
  }
},
{
  "model": "main.testresult",
  "pk": 5,
  "fields": {
    "session": 7,
    "total_score": "53.56",
    "trait_scores_json": "{\"الاستقلالية\": {\"percentage\": 52.5, \"weighted_score\": 7.875, \"weight\": 15.0, \"score\": 10.5, \"total_score\": 20.0}, \"المخاطرة\": {\"percentage\": 70.83333333333333, \"weighted_score\": 14.166666666666666, \"weight\": 20.0, \"score\": 8.5, \"total_score\": 12.0}, \"الثقة بالنفس\": {\"percentage\": 39.285714285714285, \"weighted_score\": 5.892857142857143, \"weight\": 15.0, \"score\": 5.5, \"total_score\": 14.0}, \"الإبداع والابتكار\": {\"percentage\": 66.66666666666667, \"weighted_score\": 10.0, \"weight\": 15.0, \"score\": 8.0, \"total_score\": 12.0}, \"المثابرة\": {\"percentage\": 50.0, \"weighted_score\": 7.5, \"weight\": 15.0, \"score\": 9.0, \"total_score\": 18.0}, \"حل المشكلات\": {\"percentage\": 31.25, \"weighted_score\": 3.125, \"weight\": 10.0, \"score\": 2.5, \"total_score\": 8.0}, \"التواصل والتأثير\": {\"percentage\": 50.0, \"weighted_score\": 5.0, \"weight\": 10.0, \"score\": 8.0, \"total_score\": 16.0}}",
    "certificate_path": "certificates/certificate_7_20251002_125454.png",
    "created_at": "2025-10-02T12:54:54.744Z",
    "time_taken_minutes": 5
  }
},
{
  "model": "main.testresult",
  "pk": 6,
  "fields": {
    "session": 8,
    "total_score": "51.75",
    "trait_scores_json": "{\"القيادة\": {\"percentage\": 75.0, \"weighted_score\": 11.25, \"weight\": 15.0, \"score\": 7.5, \"total_score\": 10.0}, \"اتخاذ القرار\": {\"percentage\": 55.0, \"weighted_score\": 4.125, \"weight\": 7.5, \"score\": 5.5, \"total_score\": 10.0}, \"التخطيط\": {\"percentage\": 30.0, \"weighted_score\": 4.5, \"weight\": 15.0, \"score\": 3.0, \"total_score\": 10.0}, \"تحمل المخاطر\": {\"percentage\": 55.0, \"weighted_score\": 8.25, \"weight\": 15.0, \"score\": 5.5, \"total_score\": 10.0}, \"الثقة بالنفس\": {\"percentage\": 30.0, \"weighted_score\": 2.25, \"weight\": 7.5, \"score\": 3.0, \"total_score\": 10.0}, \"عدم الخوف من الفشل\": {\"percentage\": 35.0, \"weighted_score\": 2.625, \"weight\": 7.5, \"score\": 3.5, \"total_score\": 10.0}, \"الابتكار\": {\"percentage\": 65.0, \"weighted_score\": 4.875, \"weight\": 7.5, \"score\": 6.5, \"total_score\": 10.0}, \"المثابرة\": {\"percentage\": 60.0, \"weighted_score\": 4.5, \"weight\": 7.5, \"score\": 6.0, \"total_score\": 10.0}, \"استغلال الفرص\": {\"percentage\": 60.0, \"weighted_score\": 6.0, \"weight\": 10.0, \"score\": 6.0, \"total_score\": 10.0}, \"الاتصال\": {\"percentage\": 45.0, \"weighted_score\": 3.375, \"weight\": 7.5, \"score\": 4.5, \"total_score\": 10.0}}",
    "certificate_path": "certificates/certificate_8_20251002_175023.png",
    "created_at": "2025-10-02T17:50:23.184Z",
    "time_taken_minutes": 5
  }
},
{
  "model": "main.testresult",
  "pk": 7,
  "fields": {
    "session": 9,
    "total_score": "83.00",
    "trait_scores_json": "{\"القيادة\": {\"percentage\": 80.0, \"weighted_score\": 12.0, \"weight\": 15.0, \"score\": 8.0, \"total_score\": 10.0}, \"اتخاذ القرار\": {\"percentage\": 80.0, \"weighted_score\": 6.0, \"weight\": 7.5, \"score\": 8.0, \"total_score\": 10.0}, \"التخطيط\": {\"percentage\": 80.0, \"weighted_score\": 12.0, \"weight\": 15.0, \"score\": 8.0, \"total_score\": 10.0}, \"تحمل المخاطر\": {\"percentage\": 80.0, \"weighted_score\": 12.0, \"weight\": 15.0, \"score\": 8.0, \"total_score\": 10.0}, \"الثقة بالنفس\": {\"percentage\": 100.0, \"weighted_score\": 7.5, \"weight\": 7.5, \"score\": 10.0, \"total_score\": 10.0}, \"عدم الخوف من الفشل\": {\"percentage\": 60.0, \"weighted_score\": 4.5, \"weight\": 7.5, \"score\": 6.0, \"total_score\": 10.0}, \"الابتكار\": {\"percentage\": 100.0, \"weighted_score\": 7.5, \"weight\": 7.5, \"score\": 10.0, \"total_score\": 10.0}, \"المثابرة\": {\"percentage\": 80.0, \"weighted_score\": 6.0, \"weight\": 7.5, \"score\": 8.0, \"total_score\": 10.0}, \"استغلال الفرص\": {\"percentage\": 80.0, \"weighted_score\": 8.0, \"weight\": 10.0, \"score\": 8.0, \"total_score\": 10.0}, \"الاتصال\": {\"percentage\": 100.0, \"weighted_score\": 7.5, \"weight\": 7.5, \"score\": 10.0, \"total_score\": 10.0}}",
    "certificate_path": "certificates/certificate_9_20251002_193320.png",
    "created_at": "2025-10-02T19:33:20.011Z",
    "time_taken_minutes": 1
  }
},
{
  "model": "main.testresult",
  "pk": 8,
  "fields": {
    "session": 10,
    "total_score": "83.00",
    "trait_scores_json": "{\"القيادة\": {\"percentage\": 80.0, \"weighted_score\": 12.0, \"weight\": 15.0, \"score\": 8.0, \"total_score\": 10.0}, \"اتخاذ القرار\": {\"percentage\": 80.0, \"weighted_score\": 6.0, \"weight\": 7.5, \"score\": 8.0, \"total_score\": 10.0}, \"التخطيط\": {\"percentage\": 80.0, \"weighted_score\": 12.0, \"weight\": 15.0, \"score\": 8.0, \"total_score\": 10.0}, \"تحمل المخاطر\": {\"percentage\": 80.0, \"weighted_score\": 12.0, \"weight\": 15.0, \"score\": 8.0, \"total_score\": 10.0}, \"الثقة بالنفس\": {\"percentage\": 100.0, \"weighted_score\": 7.5, \"weight\": 7.5, \"score\": 10.0, \"total_score\": 10.0}, \"عدم الخوف من الفشل\": {\"percentage\": 60.0, \"weighted_score\": 4.5, \"weight\": 7.5, \"score\": 6.0, \"total_score\": 10.0}, \"الابتكار\": {\"percentage\": 100.0, \"weighted_score\": 7.5, \"weight\": 7.5, \"score\": 10.0, \"total_score\": 10.0}, \"المثابرة\": {\"percentage\": 80.0, \"weighted_score\": 6.0, \"weight\": 7.5, \"score\": 8.0, \"total_score\": 10.0}, \"استغلال الفرص\": {\"percentage\": 80.0, \"weighted_score\": 8.0, \"weight\": 10.0, \"score\": 8.0, \"total_score\": 10.0}, \"الاتصال\": {\"percentage\": 100.0, \"weighted_score\": 7.5, \"weight\": 7.5, \"score\": 10.0, \"total_score\": 10.0}}",
    "certificate_path": "certificates/certificate_10_20251002_212035.png",
    "created_at": "2025-10-02T21:20:35.662Z",
    "time_taken_minutes": 1
  }
},
{
  "model": "main.testresult",
  "pk": 9,
  "fields": {
    "session": 11,
    "total_score": "69.62",
    "trait_scores_json": "{\"القيادة\": {\"percentage\": 75.0, \"weighted_score\": 11.25, \"weight\": 15.0, \"score\": 7.5, \"total_score\": 10.0}, \"اتخاذ القرار\": {\"percentage\": 50.0, \"weighted_score\": 3.75, \"weight\": 7.5, \"score\": 5.0, \"total_score\": 10.0}, \"التخطيط\": {\"percentage\": 70.0, \"weighted_score\": 10.5, \"weight\": 15.0, \"score\": 7.0, \"total_score\": 10.0}, \"تحمل المخاطر\": {\"percentage\": 90.0, \"weighted_score\": 13.5, \"weight\": 15.0, \"score\": 9.0, \"total_score\": 10.0}, \"الثقة بالنفس\": {\"percentage\": 95.0, \"weighted_score\": 7.125, \"weight\": 7.5, \"score\": 9.5, \"total_score\": 10.0}, \"عدم الخوف من الفشل\": {\"percentage\": 20.0, \"weighted_score\": 1.5, \"weight\": 7.5, \"score\": 2.0, \"total_score\": 10.0}, \"الابتكار\": {\"percentage\": 95.0, \"weighted_score\": 7.125, \"weight\": 7.5, \"score\": 9.5, \"total_score\": 10.0}, \"المثابرة\": {\"percentage\": 60.0, \"weighted_score\": 4.5, \"weight\": 7.5, \"score\": 6.0, \"total_score\": 10.0}, \"استغلال الفرص\": {\"percentage\": 55.0, \"weighted_score\": 5.5, \"weight\": 10.0, \"score\": 5.5, \"total_score\": 10.0}, \"الاتصال\": {\"percentage\": 65.0, \"weighted_score\": 4.875, \"weight\": 7.5, \"score\": 6.5, \"total_score\": 10.0}}",
    "certificate_path": "/home/nagham/ILEFN/media/certificates/certificate_11_20251002_221740.png",
    "created_at": "2025-10-02T22:17:40.103Z",
    "time_taken_minutes": 0
  }
},
{
  "model": "main.testresult",
  "pk": 10,
  "fields": {
    "session": 12,
    "total_score": "51.88",
    "trait_scores_json": "{\"القيادة\": {\"percentage\": 50.0, \"weighted_score\": 7.5, \"weight\": 15.0, \"score\": 5.0, \"total_score\": 10.0}, \"اتخاذ القرار\": {\"percentage\": 60.0, \"weighted_score\": 4.5, \"weight\": 7.5, \"score\": 6.0, \"total_score\": 10.0}, \"التخطيط\": {\"percentage\": 45.0, \"weighted_score\": 6.75, \"weight\": 15.0, \"score\": 4.5, \"total_score\": 10.0}, \"تحمل المخاطر\": {\"percentage\": 35.0, \"weighted_score\": 5.25, \"weight\": 15.0, \"score\": 3.5, \"total_score\": 10.0}, \"الثقة بالنفس\": {\"percentage\": 85.0, \"weighted_score\": 6.375, \"weight\": 7.5, \"score\": 8.5, \"total_score\": 10.0}, \"عدم الخوف من الفشل\": {\"percentage\": 30.0, \"weighted_score\": 2.25, \"weight\": 7.5, \"score\": 3.0, \"total_score\": 10.0}, \"الابتكار\": {\"percentage\": 70.0, \"weighted_score\": 5.25, \"weight\": 7.5, \"score\": 7.0, \"total_score\": 10.0}, \"المثابرة\": {\"percentage\": 70.0, \"weighted_score\": 5.25, \"weight\": 7.5, \"score\": 7.0, \"total_score\": 10.0}, \"استغلال الفرص\": {\"percentage\": 50.0, \"weighted_score\": 5.0, \"weight\": 10.0, \"score\": 5.0, \"total_score\": 10.0}, \"الاتصال\": {\"percentage\": 50.0, \"weighted_score\": 3.75, \"weight\": 7.5, \"score\": 5.0, \"total_score\": 10.0}}",
    "certificate_path": "/home/nagham/ILEFN/media/certificates/certificate_12_20251002_222222.png",
    "created_at": "2025-10-02T22:22:22.363Z",
    "time_taken_minutes": 0
  }
},
{
  "model": "main.testresult",
  "pk": 11,
  "fields": {
    "session": 13,
    "total_score": "57.12",
    "trait_scores_json": "{\"القيادة\": {\"percentage\": 55.0, \"weighted_score\": 8.25, \"weight\": 15.0, \"score\": 5.5, \"total_score\": 10.0}, \"اتخاذ القرار\": {\"percentage\": 60.0, \"weighted_score\": 4.5, \"weight\": 7.5, \"score\": 6.0, \"total_score\": 10.0}, \"التخطيط\": {\"percentage\": 40.0, \"weighted_score\": 6.0, \"weight\": 15.0, \"score\": 4.0, \"total_score\": 10.0}, \"تحمل المخاطر\": {\"percentage\": 65.0, \"weighted_score\": 9.75, \"weight\": 15.0, \"score\": 6.5, \"total_score\": 10.0}, \"الثقة بالنفس\": {\"percentage\": 60.0, \"weighted_score\": 4.5, \"weight\": 7.5, \"score\": 6.0, \"total_score\": 10.0}, \"عدم الخوف من الفشل\": {\"percentage\": 65.0, \"weighted_score\": 4.875, \"weight\": 7.5, \"score\": 6.5, \"total_score\": 10.0}, \"الابتكار\": {\"percentage\": 55.0, \"weighted_score\": 4.125, \"weight\": 7.5, \"score\": 5.5, \"total_score\": 10.0}, \"المثابرة\": {\"percentage\": 60.0, \"weighted_score\": 4.5, \"weight\": 7.5, \"score\": 6.0, \"total_score\": 10.0}, \"استغلال الفرص\": {\"percentage\": 65.0, \"weighted_score\": 6.5, \"weight\": 10.0, \"score\": 6.5, \"total_score\": 10.0}, \"الاتصال\": {\"percentage\": 55.0, \"weighted_score\": 4.125, \"weight\": 7.5, \"score\": 5.5, \"total_score\": 10.0}}",
    "certificate_path": "/home/nagham/ILEFN/media/certificates/certificate_13_20251002_222517.png",
    "created_at": "2025-10-02T22:25:17.048Z",
    "time_taken_minutes": 0
  }
},
{
  "model": "main.testresult",
  "pk": 12,
  "fields": {
    "session": 14,
    "total_score": "55.12",
    "trait_scores_json": "{\"القيادة\": {\"percentage\": 65.0, \"weighted_score\": 9.75, \"weight\": 15.0, \"score\": 6.5, \"total_score\": 10.0}, \"اتخاذ القرار\": {\"percentage\": 55.0, \"weighted_score\": 4.125, \"weight\": 7.5, \"score\": 5.5, \"total_score\": 10.0}, \"التخطيط\": {\"percentage\": 75.0, \"weighted_score\": 11.25, \"weight\": 15.0, \"score\": 7.5, \"total_score\": 10.0}, \"تحمل المخاطر\": {\"percentage\": 55.0, \"weighted_score\": 8.25, \"weight\": 15.0, \"score\": 5.5, \"total_score\": 10.0}, \"الثقة بالنفس\": {\"percentage\": 25.0, \"weighted_score\": 1.875, \"weight\": 7.5, \"score\": 2.5, \"total_score\": 10.0}, \"عدم الخوف من الفشل\": {\"percentage\": 65.0, \"weighted_score\": 4.875, \"weight\": 7.5, \"score\": 6.5, \"total_score\": 10.0}, \"الابتكار\": {\"percentage\": 40.0, \"weighted_score\": 3.0, \"weight\": 7.5, \"score\": 4.0, \"total_score\": 10.0}, \"المثابرة\": {\"percentage\": 40.0, \"weighted_score\": 3.0, \"weight\": 7.5, \"score\": 4.0, \"total_score\": 10.0}, \"استغلال الفرص\": {\"percentage\": 30.0, \"weighted_score\": 3.0, \"weight\": 10.0, \"score\": 3.0, \"total_score\": 10.0}, \"الاتصال\": {\"percentage\": 80.0, \"weighted_score\": 6.0, \"weight\": 7.5, \"score\": 8.0, \"total_score\": 10.0}}",
    "certificate_path": "",
    "created_at": "2025-10-02T22:38:58.503Z",
    "time_taken_minutes": 1
  }
},
{
  "model": "main.testresult",
  "pk": 13,
  "fields": {
    "session": 15,
    "total_score": "53.62",
    "trait_scores_json": "{\"القيادة\": {\"percentage\": 50.0, \"weighted_score\": 7.5, \"weight\": 15.0, \"score\": 5.0, \"total_score\": 10.0}, \"اتخاذ القرار\": {\"percentage\": 35.0, \"weighted_score\": 2.625, \"weight\": 7.5, \"score\": 3.5, \"total_score\": 10.0}, \"التخطيط\": {\"percentage\": 60.0, \"weighted_score\": 9.0, \"weight\": 15.0, \"score\": 6.0, \"total_score\": 10.0}, \"تحمل المخاطر\": {\"percentage\": 45.0, \"weighted_score\": 6.75, \"weight\": 15.0, \"score\": 4.5, \"total_score\": 10.0}, \"الثقة بالنفس\": {\"percentage\": 70.0, \"weighted_score\": 5.25, \"weight\": 7.5, \"score\": 7.0, \"total_score\": 10.0}, \"عدم الخوف من الفشل\": {\"percentage\": 45.0, \"weighted_score\": 3.375, \"weight\": 7.5, \"score\": 4.5, \"total_score\": 10.0}, \"الابتكار\": {\"percentage\": 55.0, \"weighted_score\": 4.125, \"weight\": 7.5, \"score\": 5.5, \"total_score\": 10.0}, \"المثابرة\": {\"percentage\": 30.0, \"weighted_score\": 2.25, \"weight\": 7.5, \"score\": 3.0, \"total_score\": 10.0}, \"استغلال الفرص\": {\"percentage\": 75.0, \"weighted_score\": 7.5, \"weight\": 10.0, \"score\": 7.5, \"total_score\": 10.0}, \"الاتصال\": {\"percentage\": 70.0, \"weighted_score\": 5.25, \"weight\": 7.5, \"score\": 7.0, \"total_score\": 10.0}}",
    "certificate_path": "/home/nagham/ILEFN/media/certificates/certificate_15_20251002_224032.png",
    "created_at": "2025-10-02T22:40:31.891Z",
    "time_taken_minutes": 0
  }
},
{
  "model": "main.testresult",
  "pk": 14,
  "fields": {
    "session": 16,
    "total_score": "83.00",
    "trait_scores_json": "{\"القيادة\": {\"percentage\": 80.0, \"weighted_score\": 12.0, \"weight\": 15.0, \"score\": 8.0, \"total_score\": 10.0}, \"اتخاذ القرار\": {\"percentage\": 80.0, \"weighted_score\": 6.0, \"weight\": 7.5, \"score\": 8.0, \"total_score\": 10.0}, \"التخطيط\": {\"percentage\": 80.0, \"weighted_score\": 12.0, \"weight\": 15.0, \"score\": 8.0, \"total_score\": 10.0}, \"تحمل المخاطر\": {\"percentage\": 80.0, \"weighted_score\": 12.0, \"weight\": 15.0, \"score\": 8.0, \"total_score\": 10.0}, \"الثقة بالنفس\": {\"percentage\": 100.0, \"weighted_score\": 7.5, \"weight\": 7.5, \"score\": 10.0, \"total_score\": 10.0}, \"عدم الخوف من الفشل\": {\"percentage\": 60.0, \"weighted_score\": 4.5, \"weight\": 7.5, \"score\": 6.0, \"total_score\": 10.0}, \"الابتكار\": {\"percentage\": 100.0, \"weighted_score\": 7.5, \"weight\": 7.5, \"score\": 10.0, \"total_score\": 10.0}, \"المثابرة\": {\"percentage\": 80.0, \"weighted_score\": 6.0, \"weight\": 7.5, \"score\": 8.0, \"total_score\": 10.0}, \"استغلال الفرص\": {\"percentage\": 80.0, \"weighted_score\": 8.0, \"weight\": 10.0, \"score\": 8.0, \"total_score\": 10.0}, \"الاتصال\": {\"percentage\": 100.0, \"weighted_score\": 7.5, \"weight\": 7.5, \"score\": 10.0, \"total_score\": 10.0}}",
    "certificate_path": "/home/nagham/ILEFN/media/certificates/certificate_16_20251002_231032.png",
    "created_at": "2025-10-02T23:10:32.197Z",
    "time_taken_minutes": 1
  }
},
{
  "model": "main.testresult",
  "pk": 15,
  "fields": {
    "session": 17,
    "total_score": "83.00",
    "trait_scores_json": "{\"القيادة\": {\"percentage\": 80.0, \"weighted_score\": 12.0, \"weight\": 15.0, \"score\": 8.0, \"total_score\": 10.0}, \"اتخاذ القرار\": {\"percentage\": 80.0, \"weighted_score\": 6.0, \"weight\": 7.5, \"score\": 8.0, \"total_score\": 10.0}, \"التخطيط\": {\"percentage\": 80.0, \"weighted_score\": 12.0, \"weight\": 15.0, \"score\": 8.0, \"total_score\": 10.0}, \"تحمل المخاطر\": {\"percentage\": 80.0, \"weighted_score\": 12.0, \"weight\": 15.0, \"score\": 8.0, \"total_score\": 10.0}, \"الثقة بالنفس\": {\"percentage\": 100.0, \"weighted_score\": 7.5, \"weight\": 7.5, \"score\": 10.0, \"total_score\": 10.0}, \"عدم الخوف من الفشل\": {\"percentage\": 60.0, \"weighted_score\": 4.5, \"weight\": 7.5, \"score\": 6.0, \"total_score\": 10.0}, \"الابتكار\": {\"percentage\": 100.0, \"weighted_score\": 7.5, \"weight\": 7.5, \"score\": 10.0, \"total_score\": 10.0}, \"المثابرة\": {\"percentage\": 80.0, \"weighted_score\": 6.0, \"weight\": 7.5, \"score\": 8.0, \"total_score\": 10.0}, \"استغلال الفرص\": {\"percentage\": 80.0, \"weighted_score\": 8.0, \"weight\": 10.0, \"score\": 8.0, \"total_score\": 10.0}, \"الاتصال\": {\"percentage\": 100.0, \"weighted_score\": 7.5, \"weight\": 7.5, \"score\": 10.0, \"total_score\": 10.0}}",
    "certificate_path": "/home/nagham/ILEFN/media/certificates/certificate_17_20251002_231328.png",
    "created_at": "2025-10-02T23:13:28.647Z",
    "time_taken_minutes": 1
  }
},
{
  "model": "main.testresult",
  "pk": 16,
  "fields": {
    "session": 18,
    "total_score": "58.25",
    "trait_scores_json": "{\"القيادة\": {\"percentage\": 75.0, \"weighted_score\": 11.25, \"weight\": 15.0, \"score\": 7.5, \"total_score\": 10.0}, \"اتخاذ القرار\": {\"percentage\": 65.0, \"weighted_score\": 4.875, \"weight\": 7.5, \"score\": 6.5, \"total_score\": 10.0}, \"التخطيط\": {\"percentage\": 35.0, \"weighted_score\": 5.25, \"weight\": 15.0, \"score\": 3.5, \"total_score\": 10.0}, \"تحمل المخاطر\": {\"percentage\": 70.0, \"weighted_score\": 10.5, \"weight\": 15.0, \"score\": 7.0, \"total_score\": 10.0}, \"الثقة بالنفس\": {\"percentage\": 65.0, \"weighted_score\": 4.875, \"weight\": 7.5, \"score\": 6.5, \"total_score\": 10.0}, \"عدم الخوف من الفشل\": {\"percentage\": 50.0, \"weighted_score\": 3.75, \"weight\": 7.5, \"score\": 5.0, \"total_score\": 10.0}, \"الابتكار\": {\"percentage\": 40.0, \"weighted_score\": 3.0, \"weight\": 7.5, \"score\": 4.0, \"total_score\": 10.0}, \"المثابرة\": {\"percentage\": 55.0, \"weighted_score\": 4.125, \"weight\": 7.5, \"score\": 5.5, \"total_score\": 10.0}, \"استغلال الفرص\": {\"percentage\": 65.0, \"weighted_score\": 6.5, \"weight\": 10.0, \"score\": 6.5, \"total_score\": 10.0}, \"الاتصال\": {\"percentage\": 55.0, \"weighted_score\": 4.125, \"weight\": 7.5, \"score\": 5.5, \"total_score\": 10.0}}",
    "certificate_path": "/home/nagham/ILEFN/media/certificates/certificate_18_20251002_231525.png",
    "created_at": "2025-10-02T23:15:25.400Z",
    "time_taken_minutes": 1
  }
},
{
  "model": "main.testresult",
  "pk": 17,
  "fields": {
    "session": 19,
    "total_score": "64.00",
    "trait_scores_json": "{\"القيادة\": {\"percentage\": 75.0, \"weighted_score\": 11.25, \"weight\": 15.0, \"score\": 7.5, \"total_score\": 10.0}, \"اتخاذ القرار\": {\"percentage\": 75.0, \"weighted_score\": 5.625, \"weight\": 7.5, \"score\": 7.5, \"total_score\": 10.0}, \"التخطيط\": {\"percentage\": 70.0, \"weighted_score\": 10.5, \"weight\": 15.0, \"score\": 7.0, \"total_score\": 10.0}, \"تحمل المخاطر\": {\"percentage\": 60.0, \"weighted_score\": 9.0, \"weight\": 15.0, \"score\": 6.0, \"total_score\": 10.0}, \"الثقة بالنفس\": {\"percentage\": 70.0, \"weighted_score\": 5.25, \"weight\": 7.5, \"score\": 7.0, \"total_score\": 10.0}, \"عدم الخوف من الفشل\": {\"percentage\": 50.0, \"weighted_score\": 3.75, \"weight\": 7.5, \"score\": 5.0, \"total_score\": 10.0}, \"الابتكار\": {\"percentage\": 90.0, \"weighted_score\": 6.75, \"weight\": 7.5, \"score\": 9.0, \"total_score\": 10.0}, \"المثابرة\": {\"percentage\": 60.0, \"weighted_score\": 4.5, \"weight\": 7.5, \"score\": 6.0, \"total_score\": 10.0}, \"استغلال الفرص\": {\"percentage\": 40.0, \"weighted_score\": 4.0, \"weight\": 10.0, \"score\": 4.0, \"total_score\": 10.0}, \"الاتصال\": {\"percentage\": 45.0, \"weighted_score\": 3.375, \"weight\": 7.5, \"score\": 4.5, \"total_score\": 10.0}}",
    "certificate_path": "certificates/certificate_19_20251002_233836.png",
    "created_at": "2025-10-02T23:38:36.728Z",
    "time_taken_minutes": 0
  }
},
{
  "model": "main.testresult",
  "pk": 18,
  "fields": {
    "session": 21,
    "total_score": "83.00",
    "trait_scores_json": "{\"القيادة\": {\"percentage\": 80.0, \"weighted_score\": 12.0, \"weight\": 15.0, \"score\": 8.0, \"total_score\": 10.0}, \"اتخاذ القرار\": {\"percentage\": 80.0, \"weighted_score\": 6.0, \"weight\": 7.5, \"score\": 8.0, \"total_score\": 10.0}, \"التخطيط\": {\"percentage\": 80.0, \"weighted_score\": 12.0, \"weight\": 15.0, \"score\": 8.0, \"total_score\": 10.0}, \"تحمل المخاطر\": {\"percentage\": 80.0, \"weighted_score\": 12.0, \"weight\": 15.0, \"score\": 8.0, \"total_score\": 10.0}, \"الثقة بالنفس\": {\"percentage\": 100.0, \"weighted_score\": 7.5, \"weight\": 7.5, \"score\": 10.0, \"total_score\": 10.0}, \"عدم الخوف من الفشل\": {\"percentage\": 60.0, \"weighted_score\": 4.5, \"weight\": 7.5, \"score\": 6.0, \"total_score\": 10.0}, \"الابتكار\": {\"percentage\": 100.0, \"weighted_score\": 7.5, \"weight\": 7.5, \"score\": 10.0, \"total_score\": 10.0}, \"المثابرة\": {\"percentage\": 80.0, \"weighted_score\": 6.0, \"weight\": 7.5, \"score\": 8.0, \"total_score\": 10.0}, \"استغلال الفرص\": {\"percentage\": 80.0, \"weighted_score\": 8.0, \"weight\": 10.0, \"score\": 8.0, \"total_score\": 10.0}, \"الاتصال\": {\"percentage\": 100.0, \"weighted_score\": 7.5, \"weight\": 7.5, \"score\": 10.0, \"total_score\": 10.0}}",
    "certificate_path": "certificates/certificate_21_20251004_120248.png",
    "created_at": "2025-10-04T12:02:48.169Z",
    "time_taken_minutes": 1
  }
},
{
  "model": "main.testresult",
  "pk": 19,
  "fields": {
    "session": 22,
    "total_score": "50.00",
    "trait_scores_json": "{\"القيادة\": {\"percentage\": 25.0, \"weighted_score\": 3.75, \"weight\": 15.0, \"score\": 2.5, \"total_score\": 10.0}, \"اتخاذ القرار\": {\"percentage\": 80.0, \"weighted_score\": 6.0, \"weight\": 7.5, \"score\": 8.0, \"total_score\": 10.0}, \"التخطيط\": {\"percentage\": 45.0, \"weighted_score\": 6.75, \"weight\": 15.0, \"score\": 4.5, \"total_score\": 10.0}, \"تحمل المخاطر\": {\"percentage\": 45.0, \"weighted_score\": 6.75, \"weight\": 15.0, \"score\": 4.5, \"total_score\": 10.0}, \"الثقة بالنفس\": {\"percentage\": 45.0, \"weighted_score\": 3.375, \"weight\": 7.5, \"score\": 4.5, \"total_score\": 10.0}, \"عدم الخوف من الفشل\": {\"percentage\": 35.0, \"weighted_score\": 2.625, \"weight\": 7.5, \"score\": 3.5, \"total_score\": 10.0}, \"الابتكار\": {\"percentage\": 65.0, \"weighted_score\": 4.875, \"weight\": 7.5, \"score\": 6.5, \"total_score\": 10.0}, \"المثابرة\": {\"percentage\": 65.0, \"weighted_score\": 4.875, \"weight\": 7.5, \"score\": 6.5, \"total_score\": 10.0}, \"استغلال الفرص\": {\"percentage\": 65.0, \"weighted_score\": 6.5, \"weight\": 10.0, \"score\": 6.5, \"total_score\": 10.0}, \"الاتصال\": {\"percentage\": 60.0, \"weighted_score\": 4.5, \"weight\": 7.5, \"score\": 6.0, \"total_score\": 10.0}}",
    "certificate_path": "certificates/certificate_22_20251004_205402.png",
    "created_at": "2025-10-04T20:54:02.274Z",
    "time_taken_minutes": 1
  }
},
{
  "model": "main.testresult",
  "pk": 20,
  "fields": {
    "session": 23,
    "total_score": "50.00",
    "trait_scores_json": "{\"القيادة\": {\"percentage\": 50.0, \"weighted_score\": 7.5, \"weight\": 15.0, \"score\": 5.0, \"total_score\": 10.0}, \"اتخاذ القرار\": {\"percentage\": 50.0, \"weighted_score\": 3.75, \"weight\": 7.5, \"score\": 5.0, \"total_score\": 10.0}, \"التخطيط\": {\"percentage\": 50.0, \"weighted_score\": 7.5, \"weight\": 15.0, \"score\": 5.0, \"total_score\": 10.0}, \"تحمل المخاطر\": {\"percentage\": 50.0, \"weighted_score\": 7.5, \"weight\": 15.0, \"score\": 5.0, \"total_score\": 10.0}, \"الثقة بالنفس\": {\"percentage\": 50.0, \"weighted_score\": 3.75, \"weight\": 7.5, \"score\": 5.0, \"total_score\": 10.0}, \"عدم الخوف من الفشل\": {\"percentage\": 50.0, \"weighted_score\": 3.75, \"weight\": 7.5, \"score\": 5.0, \"total_score\": 10.0}, \"الابتكار\": {\"percentage\": 50.0, \"weighted_score\": 3.75, \"weight\": 7.5, \"score\": 5.0, \"total_score\": 10.0}, \"المثابرة\": {\"percentage\": 50.0, \"weighted_score\": 3.75, \"weight\": 7.5, \"score\": 5.0, \"total_score\": 10.0}, \"استغلال الفرص\": {\"percentage\": 50.0, \"weighted_score\": 5.0, \"weight\": 10.0, \"score\": 5.0, \"total_score\": 10.0}, \"الاتصال\": {\"percentage\": 50.0, \"weighted_score\": 3.75, \"weight\": 7.5, \"score\": 5.0, \"total_score\": 10.0}}",
    "certificate_path": "certificates/certificate_23_20251005_172231.png",
    "created_at": "2025-10-05T17:22:31.150Z",
    "time_taken_minutes": 1
  }
},
{
  "model": "main.testresult",
  "pk": 21,
  "fields": {
    "session": 24,
    "total_score": "50.00",
    "trait_scores_json": "{\"القيادة\": {\"percentage\": 50.0, \"weighted_score\": 7.5, \"weight\": 15.0, \"score\": 5.0, \"total_score\": 10.0, \"questions_count\": 5}, \"اتخاذ القرار\": {\"percentage\": 50.0, \"weighted_score\": 3.75, \"weight\": 7.5, \"score\": 5.0, \"total_score\": 10.0, \"questions_count\": 5}, \"التخطيط\": {\"percentage\": 50.0, \"weighted_score\": 7.5, \"weight\": 15.0, \"score\": 5.0, \"total_score\": 10.0, \"questions_count\": 5}, \"تحمل المخاطر\": {\"percentage\": 50.0, \"weighted_score\": 7.5, \"weight\": 15.0, \"score\": 5.0, \"total_score\": 10.0, \"questions_count\": 5}, \"الثقة بالنفس\": {\"percentage\": 50.0, \"weighted_score\": 3.75, \"weight\": 7.5, \"score\": 5.0, \"total_score\": 10.0, \"questions_count\": 5}, \"عدم الخوف من الفشل\": {\"percentage\": 50.0, \"weighted_score\": 3.75, \"weight\": 7.5, \"score\": 5.0, \"total_score\": 10.0, \"questions_count\": 5}, \"الابتكار\": {\"percentage\": 50.0, \"weighted_score\": 3.75, \"weight\": 7.5, \"score\": 5.0, \"total_score\": 10.0, \"questions_count\": 5}, \"المثابرة\": {\"percentage\": 50.0, \"weighted_score\": 3.75, \"weight\": 7.5, \"score\": 5.0, \"total_score\": 10.0, \"questions_count\": 5}, \"استغلال الفرص\": {\"percentage\": 50.0, \"weighted_score\": 5.0, \"weight\": 10.0, \"score\": 5.0, \"total_score\": 10.0, \"questions_count\": 5}, \"الاتصال\": {\"percentage\": 50.0, \"weighted_score\": 3.75, \"weight\": 7.5, \"score\": 5.0, \"total_score\": 10.0, \"questions_count\": 5}}",
    "certificate_path": "certificates/certificate_24_20251005_173347.png",
    "created_at": "2025-10-05T17:33:47.473Z",
    "time_taken_minutes": 1
  }
},
{
  "model": "main.testresult",
  "pk": 22,
  "fields": {
    "session": 25,
    "total_score": "33.50",
    "trait_scores_json": "{\"القيادة\": {\"percentage\": 35.0, \"weighted_score\": 5.25, \"weight\": 15.0, \"score\": 3.5, \"total_score\": 10.0, \"questions_count\": 5}, \"اتخاذ القرار\": {\"percentage\": 35.0, \"weighted_score\": 2.625, \"weight\": 7.5, \"score\": 3.5, \"total_score\": 10.0, \"questions_count\": 5}, \"التخطيط\": {\"percentage\": 35.0, \"weighted_score\": 5.25, \"weight\": 15.0, \"score\": 3.5, \"total_score\": 10.0, \"questions_count\": 5}, \"تحمل المخاطر\": {\"percentage\": 35.0, \"weighted_score\": 5.25, \"weight\": 15.0, \"score\": 3.5, \"total_score\": 10.0, \"questions_count\": 5}, \"الثقة بالنفس\": {\"percentage\": 25.0, \"weighted_score\": 1.875, \"weight\": 7.5, \"score\": 2.5, \"total_score\": 10.0, \"questions_count\": 5}, \"عدم الخوف من الفشل\": {\"percentage\": 45.0, \"weighted_score\": 3.375, \"weight\": 7.5, \"score\": 4.5, \"total_score\": 10.0, \"questions_count\": 5}, \"الابتكار\": {\"percentage\": 25.0, \"weighted_score\": 1.875, \"weight\": 7.5, \"score\": 2.5, \"total_score\": 10.0, \"questions_count\": 5}, \"المثابرة\": {\"percentage\": 35.0, \"weighted_score\": 2.625, \"weight\": 7.5, \"score\": 3.5, \"total_score\": 10.0, \"questions_count\": 5}, \"استغلال الفرص\": {\"percentage\": 35.0, \"weighted_score\": 3.5, \"weight\": 10.0, \"score\": 3.5, \"total_score\": 10.0, \"questions_count\": 5}, \"الاتصال\": {\"percentage\": 25.0, \"weighted_score\": 1.875, \"weight\": 7.5, \"score\": 2.5, \"total_score\": 10.0, \"questions_count\": 5}}",
    "certificate_path": "certificates/certificate_25_20251005_173927.png",
    "created_at": "2025-10-05T17:39:27.835Z",
    "time_taken_minutes": 1
  }
},
{
  "model": "main.testresult",
  "pk": 23,
  "fields": {
    "session": 26,
    "total_score": "33.50",
    "trait_scores_json": "{\"القيادة\": {\"percentage\": 35.0, \"weighted_score\": 5.25, \"weight\": 15.0, \"score\": 3.5, \"total_score\": 10.0}, \"اتخاذ القرار\": {\"percentage\": 35.0, \"weighted_score\": 2.625, \"weight\": 7.5, \"score\": 3.5, \"total_score\": 10.0}, \"التخطيط\": {\"percentage\": 35.0, \"weighted_score\": 5.25, \"weight\": 15.0, \"score\": 3.5, \"total_score\": 10.0}, \"تحمل المخاطر\": {\"percentage\": 35.0, \"weighted_score\": 5.25, \"weight\": 15.0, \"score\": 3.5, \"total_score\": 10.0}, \"الثقة بالنفس\": {\"percentage\": 25.0, \"weighted_score\": 1.875, \"weight\": 7.5, \"score\": 2.5, \"total_score\": 10.0}, \"عدم الخوف من الفشل\": {\"percentage\": 45.0, \"weighted_score\": 3.375, \"weight\": 7.5, \"score\": 4.5, \"total_score\": 10.0}, \"الابتكار\": {\"percentage\": 25.0, \"weighted_score\": 1.875, \"weight\": 7.5, \"score\": 2.5, \"total_score\": 10.0}, \"المثابرة\": {\"percentage\": 35.0, \"weighted_score\": 2.625, \"weight\": 7.5, \"score\": 3.5, \"total_score\": 10.0}, \"استغلال الفرص\": {\"percentage\": 35.0, \"weighted_score\": 3.5, \"weight\": 10.0, \"score\": 3.5, \"total_score\": 10.0}, \"الاتصال\": {\"percentage\": 25.0, \"weighted_score\": 1.875, \"weight\": 7.5, \"score\": 2.5, \"total_score\": 10.0}}",
    "certificate_path": "certificates/certificate_26_20251005_174247.png",
    "created_at": "2025-10-05T17:42:47.568Z",
    "time_taken_minutes": 1
  }
},
{
  "model": "main.testresult",
  "pk": 24,
  "fields": {
    "session": 27,
    "total_score": "33.50",
    "trait_scores_json": "{\"القيادة\": {\"percentage\": 35.0, \"weighted_score\": 5.25, \"weight\": 15.0, \"score\": 3.5, \"total_score\": 10.0, \"questions_count\": 5}, \"اتخاذ القرار\": {\"percentage\": 35.0, \"weighted_score\": 2.625, \"weight\": 7.5, \"score\": 3.5, \"total_score\": 10.0, \"questions_count\": 5}, \"التخطيط\": {\"percentage\": 35.0, \"weighted_score\": 5.25, \"weight\": 15.0, \"score\": 3.5, \"total_score\": 10.0, \"questions_count\": 5}, \"تحمل المخاطر\": {\"percentage\": 35.0, \"weighted_score\": 5.25, \"weight\": 15.0, \"score\": 3.5, \"total_score\": 10.0, \"questions_count\": 5}, \"الثقة بالنفس\": {\"percentage\": 25.0, \"weighted_score\": 1.875, \"weight\": 7.5, \"score\": 2.5, \"total_score\": 10.0, \"questions_count\": 5}, \"عدم الخوف من الفشل\": {\"percentage\": 45.0, \"weighted_score\": 3.375, \"weight\": 7.5, \"score\": 4.5, \"total_score\": 10.0, \"questions_count\": 5}, \"الابتكار\": {\"percentage\": 25.0, \"weighted_score\": 1.875, \"weight\": 7.5, \"score\": 2.5, \"total_score\": 10.0, \"questions_count\": 5}, \"المثابرة\": {\"percentage\": 35.0, \"weighted_score\": 2.625, \"weight\": 7.5, \"score\": 3.5, \"total_score\": 10.0, \"questions_count\": 5}, \"استغلال الفرص\": {\"percentage\": 35.0, \"weighted_score\": 3.5, \"weight\": 10.0, \"score\": 3.5, \"total_score\": 10.0, \"questions_count\": 5}, \"الاتصال\": {\"percentage\": 25.0, \"weighted_score\": 1.875, \"weight\": 7.5, \"score\": 2.5, \"total_score\": 10.0, \"questions_count\": 5}}",
    "certificate_path": "certificates/certificate_27_20251005_174621.png",
    "created_at": "2025-10-05T17:46:21.374Z",
    "time_taken_minutes": 1
  }
},
{
  "model": "main.testresult",
  "pk": 25,
  "fields": {
    "session": 28,
    "total_score": "33.50",
    "trait_scores_json": "{\"القيادة\": {\"percentage\": 35.0, \"weighted_score\": 5.25, \"weight\": 15.0, \"score\": 3.5, \"total_score\": 10.0, \"questions_count\": 5}, \"اتخاذ القرار\": {\"percentage\": 35.0, \"weighted_score\": 2.625, \"weight\": 7.5, \"score\": 3.5, \"total_score\": 10.0, \"questions_count\": 5}, \"التخطيط\": {\"percentage\": 35.0, \"weighted_score\": 5.25, \"weight\": 15.0, \"score\": 3.5, \"total_score\": 10.0, \"questions_count\": 5}, \"تحمل المخاطر\": {\"percentage\": 35.0, \"weighted_score\": 5.25, \"weight\": 15.0, \"score\": 3.5, \"total_score\": 10.0, \"questions_count\": 5}, \"الثقة بالنفس\": {\"percentage\": 25.0, \"weighted_score\": 1.875, \"weight\": 7.5, \"score\": 2.5, \"total_score\": 10.0, \"questions_count\": 5}, \"عدم الخوف من الفشل\": {\"percentage\": 45.0, \"weighted_score\": 3.375, \"weight\": 7.5, \"score\": 4.5, \"total_score\": 10.0, \"questions_count\": 5}, \"الابتكار\": {\"percentage\": 25.0, \"weighted_score\": 1.875, \"weight\": 7.5, \"score\": 2.5, \"total_score\": 10.0, \"questions_count\": 5}, \"المثابرة\": {\"percentage\": 35.0, \"weighted_score\": 2.625, \"weight\": 7.5, \"score\": 3.5, \"total_score\": 10.0, \"questions_count\": 5}, \"استغلال الفرص\": {\"percentage\": 35.0, \"weighted_score\": 3.5, \"weight\": 10.0, \"score\": 3.5, \"total_score\": 10.0, \"questions_count\": 5}, \"الاتصال\": {\"percentage\": 25.0, \"weighted_score\": 1.875, \"weight\": 7.5, \"score\": 2.5, \"total_score\": 10.0, \"questions_count\": 5}}",
    "certificate_path": "certificates/certificate_28_20251005_175011.png",
    "created_at": "2025-10-05T17:50:11.086Z",
    "time_taken_minutes": 1
  }
},
{
  "model": "main.testresult",
  "pk": 26,
  "fields": {
    "session": 29,
    "total_score": "26.75",
    "trait_scores_json": "{\"القيادة\": {\"percentage\": 35.0, \"weighted_score\": 5.25, \"weight\": 15.0, \"score\": 3.5, \"total_score\": 10.0, \"questions_count\": 5}, \"اتخاذ القرار\": {\"percentage\": 35.0, \"weighted_score\": 2.625, \"weight\": 7.5, \"score\": 3.5, \"total_score\": 10.0, \"questions_count\": 5}, \"التخطيط\": {\"percentage\": 35.0, \"weighted_score\": 5.25, \"weight\": 15.0, \"score\": 3.5, \"total_score\": 10.0, \"questions_count\": 5}, \"تحمل المخاطر\": {\"percentage\": 35.0, \"weighted_score\": 5.25, \"weight\": 15.0, \"score\": 3.5, \"total_score\": 10.0, \"questions_count\": 5}, \"الثقة بالنفس\": {\"percentage\": 15.0, \"weighted_score\": 1.125, \"weight\": 7.5, \"score\": 1.5, \"total_score\": 10.0, \"questions_count\": 5}, \"عدم الخوف من الفشل\": {\"percentage\": 45.0, \"weighted_score\": 3.375, \"weight\": 7.5, \"score\": 4.5, \"total_score\": 10.0, \"questions_count\": 5}, \"الابتكار\": {\"percentage\": 5.0, \"weighted_score\": 0.375, \"weight\": 7.5, \"score\": 0.5, \"total_score\": 10.0, \"questions_count\": 5}, \"المثابرة\": {\"percentage\": 20.0, \"weighted_score\": 1.5, \"weight\": 7.5, \"score\": 2.0, \"total_score\": 10.0, \"questions_count\": 5}, \"استغلال الفرص\": {\"percentage\": 20.0, \"weighted_score\": 2.0, \"weight\": 10.0, \"score\": 2.0, \"total_score\": 10.0, \"questions_count\": 5}, \"الاتصال\": {\"percentage\": 0.0, \"weighted_score\": 0.0, \"weight\": 7.5, \"score\": 0.0, \"total_score\": 10.0, \"questions_count\": 5}}",
    "certificate_path": "certificates/certificate_29_20251005_180658.png",
    "created_at": "2025-10-05T18:06:58.169Z",
    "time_taken_minutes": 1
  }
},
{
  "model": "main.directorprofile",
  "pk": 1,
  "fields": {
    "user": 1,
    "is_director": true,
    "created_at": "2025-09-29T13:28:46.187Z"
  }
},
{
  "model": "main.juniortestregistration",
  "pk": 1,
  "fields": {
    "name": "Nagham Mohamed Zanaty",
    "email": "zanatynadine0@gmail.com",
    "created_at": "2025-09-29T15:20:24.456Z",
    "has_taken_test": false
  }
},
{
  "model": "main.juniortestregistration",
  "pk": 2,
  "fields": {
    "name": "nagham",
    "email": "nnn@gmail.com",
    "created_at": "2025-09-29T15:52:41.746Z",
    "has_taken_test": false
  }
},
{
  "model": "main.juniortestregistration",
  "pk": 3,
  "fields": {
    "name": "Mohamed Zanaty",
    "email": "sfvfdv@gmail.com",
    "created_at": "2025-09-29T22:44:20.215Z",
    "has_taken_test": true
  }
},
{
  "model": "main.juniortestregistration",
  "pk": 4,
  "fields": {
    "name": "Mohamed Zanaty",
    "email": "ssdcvdv@gmail.com",
    "created_at": "2025-09-29T22:47:58.109Z",
    "has_taken_test": false
  }
},
{
  "model": "main.juniortestregistration",
  "pk": 5,
  "fields": {
    "name": "Mohamed Zanaty",
    "email": "sdvvfdv@gmail.com",
    "created_at": "2025-09-29T22:52:38.047Z",
    "has_taken_test": true
  }
},
{
  "model": "main.juniortestregistration",
  "pk": 6,
  "fields": {
    "name": "Nagham Mohamed Zanaty",
    "email": "accountant2@gmail.com",
    "created_at": "2025-09-30T10:26:37.878Z",
    "has_taken_test": true
  }
},
{
  "model": "main.juniortestregistration",
  "pk": 7,
  "fields": {
    "name": "test questions",
    "email": "m.zanaty40@gmail.com",
    "created_at": "2025-10-02T19:19:13.905Z",
    "has_taken_test": true
  }
},
{
  "model": "main.juniortestregistration",
  "pk": 8,
  "fields": {
    "name": "test questions",
    "email": "nkxan@gmail.com",
    "created_at": "2025-10-02T19:24:17.719Z",
    "has_taken_test": false
  }
},
{
  "model": "main.juniortestregistration",
  "pk": 9,
  "fields": {
    "name": "test questions",
    "email": "sc@dfv.com",
    "created_at": "2025-10-02T19:24:28.478Z",
    "has_taken_test": true
  }
},
{
  "model": "main.juniortestregistration",
  "pk": 10,
  "fields": {
    "name": "TAest Questions",
    "email": "cccccccdfa@gmail.com",
    "created_at": "2025-10-02T19:35:17.508Z",
    "has_taken_test": true
  }
},
{
  "model": "main.juniortestregistration",
  "pk": 11,
  "fields": {
    "name": "Chemical Sciences",
    "email": "ewfrf@gmail.com",
    "created_at": "2025-10-02T20:23:58.773Z",
    "has_taken_test": true
  }
},
{
  "model": "main.juniortestregistration",
  "pk": 12,
  "fields": {
    "name": "test",
    "email": "ferfe@gmail.com",
    "created_at": "2025-10-02T20:37:48.181Z",
    "has_taken_test": true
  }
},
{
  "model": "main.juniortestregistration",
  "pk": 13,
  "fields": {
    "name": "dcscs",
    "email": "ascadc@gmail.com",
    "created_at": "2025-10-02T20:53:54.703Z",
    "has_taken_test": true
  }
},
{
  "model": "main.juniortestregistration",
  "pk": 14,
  "fields": {
    "name": "Entrepreneurship Books",
    "email": "janazanaty123@gmail.com",
    "created_at": "2025-10-02T21:10:23.954Z",
    "has_taken_test": true
  }
},
{
  "model": "main.juniortestregistration",
  "pk": 15,
  "fields": {
    "name": "febvg",
    "email": "gver@gmail.com",
    "created_at": "2025-10-02T21:15:28.671Z",
    "has_taken_test": true
  }
},
{
  "model": "main.juniortestregistration",
  "pk": 16,
  "fields": {
    "name": "Nagham Mohamed Zanaty",
    "email": "technician1@gmail.com",
    "created_at": "2025-10-02T22:15:23.662Z",
    "has_taken_test": true
  }
},
{
  "model": "main.juniortestregistration",
  "pk": 17,
  "fields": {
    "name": "cdsvc",
    "email": "cdsvc@vrg.com",
    "created_at": "2025-10-02T22:26:42.640Z",
    "has_taken_test": true
  }
},
{
  "model": "main.juniortestregistration",
  "pk": 18,
  "fields": {
    "name": "Nagham Mohamed Zanaty",
    "email": "sdfckm@mdslfc.com",
    "created_at": "2025-10-02T22:48:24.083Z",
    "has_taken_test": true
  }
},
{
  "model": "main.juniortestregistration",
  "pk": 19,
  "fields": {
    "name": "ftg",
    "email": "ftg@ftg.com",
    "created_at": "2025-10-02T22:51:39.251Z",
    "has_taken_test": true
  }
},
{
  "model": "main.juniortestregistration",
  "pk": 20,
  "fields": {
    "name": "sdcsd",
    "email": "sdcsd@gmail.com",
    "created_at": "2025-10-02T22:53:29.676Z",
    "has_taken_test": true
  }
},
{
  "model": "main.juniortestregistration",
  "pk": 21,
  "fields": {
    "name": "dsfv",
    "email": "cdwe@gmail.com",
    "created_at": "2025-10-02T22:57:04.419Z",
    "has_taken_test": true
  }
},
{
  "model": "main.juniortestregistration",
  "pk": 22,
  "fields": {
    "name": "ftvfd",
    "email": "ftvfd@gmail.com",
    "created_at": "2025-10-02T22:58:49.998Z",
    "has_taken_test": true
  }
},
{
  "model": "main.juniortestregistration",
  "pk": 23,
  "fields": {
    "name": "regv",
    "email": "regv@gmail.com",
    "created_at": "2025-10-02T23:01:25.517Z",
    "has_taken_test": true
  }
},
{
  "model": "main.juniortestregistration",
  "pk": 24,
  "fields": {
    "name": "dfgv",
    "email": "hy@mlk.com",
    "created_at": "2025-10-02T23:03:07.864Z",
    "has_taken_test": true
  }
},
{
  "model": "main.juniortestregistration",
  "pk": 25,
  "fields": {
    "name": "sdvfd",
    "email": "rtybh@mlfd.com",
    "created_at": "2025-10-02T23:04:40.127Z",
    "has_taken_test": true
  }
},
{
  "model": "main.juniortestregistration",
  "pk": 26,
  "fields": {
    "name": "sdcsd",
    "email": "fvdcs@efdsc.com",
    "created_at": "2025-10-02T23:44:08.526Z",
    "has_taken_test": true
  }
},
{
  "model": "main.juniortestregistration",
  "pk": 27,
  "fields": {
    "name": "nadine mohamed",
    "email": "bhjbin@gmail.com",
    "created_at": "2025-10-04T10:47:42.172Z",
    "has_taken_test": true
  }
},
{
  "model": "main.juniortestregistration",
  "pk": 28,
  "fields": {
    "name": "dvsvf",
    "email": "mjhn@ve.com",
    "created_at": "2025-10-04T20:58:50.313Z",
    "has_taken_test": true
  }
},
{
  "model": "main.juniortestregistration",
  "pk": 29,
  "fields": {
    "name": "tuli",
    "email": "ik@kkl.com",
    "created_at": "2025-10-04T22:07:46.887Z",
    "has_taken_test": true
  }
},
{
  "model": "main.juniortestregistration",
  "pk": 30,
  "fields": {
    "name": "iou",
    "email": "km@mokm.com",
    "created_at": "2025-10-05T17:51:21.788Z",
    "has_taken_test": true
  }
},
{
  "model": "main.juniortestregistration",
  "pk": 31,
  "fields": {
    "name": "grdf",
    "email": "llllllll@ljkgh.com",
    "created_at": "2025-10-05T17:58:56.283Z",
    "has_taken_test": true
  }
},
{
  "model": "main.juniortestregistration",
  "pk": 32,
  "fields": {
    "name": "ytfb",
    "email": "llllllllll@ijmoj.com",
    "created_at": "2025-10-05T18:02:40.443Z",
    "has_taken_test": true
  }
},
{
  "model": "main.juniortrait",
  "pk": 1,
  "fields": {
    "name": "القيادة",
    "name_en": "Leadership",
    "weight": "15.00",
    "description": "القدرة على توجيه الآخرين نحو هدف مشترك، من خلال التأثير والتحفيز، مع اتخاذ القرارات المناسبة وتحمل المسؤولية.",
    "order": 1,
    "is_active": true
  }
},
{
  "model": "main.juniortrait",
  "pk": 2,
  "fields": {
    "name": "اتخاذ القرار",
    "name_en": "Decision Making",
    "weight": "7.50",
    "description": "عملية اختيار أفضل بديل ممكن من بين عدة خيارات متاحة، بهدف حل مشكلة أو تحقيق هدف محدد، مع تحمل نتائج هذا الاختيار.",
    "order": 2,
    "is_active": true
  }
},
{
  "model": "main.juniortrait",
  "pk": 3,
  "fields": {
    "name": "التخطيط",
    "name_en": "Planning",
    "weight": "15.00",
    "description": "عملية تحديد الأهداف المستقبلية ووضع الخطوات والموارد اللازمة لتحقيقها بشكل منظم وفعّال.",
    "order": 3,
    "is_active": true
  }
},
{
  "model": "main.juniortrait",
  "pk": 4,
  "fields": {
    "name": "تحمل المخاطر",
    "name_en": "Risk Taking",
    "weight": "15.00",
    "description": "الاستعداد لمواجهة التحديات والنتائج غير المتوقعة عند السعي لتحقيق هدف معيّن، مع قبول إمكانية الخسارة مقابل فرصة النجاح.",
    "order": 4,
    "is_active": true
  }
},
{
  "model": "main.juniortrait",
  "pk": 5,
  "fields": {
    "name": "الثقة بالنفس",
    "name_en": "Self-Confidence",
    "weight": "7.50",
    "description": "الإيمان بقدرات الفرد وإمكاناته، والشعور بالاطمئنان عند مواجهة المواقف والتحديات مع القدرة على اتخاذ القرارات بثبات.",
    "order": 5,
    "is_active": true
  }
},
{
  "model": "main.juniortrait",
  "pk": 6,
  "fields": {
    "name": "عدم الخوف من الفشل",
    "name_en": "Not Fearing Failure",
    "weight": "7.50",
    "description": "القدرة على خوض التجارب والمبادرات بثقة، مع اعتبار الفشل فرصة للتعلّم والتطور بدلاً من عائق يمنع من المحاولة أو التقدم.",
    "order": 6,
    "is_active": true
  }
},
{
  "model": "main.juniortrait",
  "pk": 7,
  "fields": {
    "name": "الابتكار",
    "name_en": "Innovation",
    "weight": "7.50",
    "description": "القدرة على ابتكار أفكار أو حلول جديدة ومبدعة، وتطبيقها بطرق تضيف قيمة وتحدث تغييرًا إيجابيًا في الواقع.",
    "order": 7,
    "is_active": true
  }
},
{
  "model": "main.juniortrait",
  "pk": 8,
  "fields": {
    "name": "المثابرة",
    "name_en": "Perseverance",
    "weight": "7.50",
    "description": "الاستمرار في السعي والعمل رغم الصعوبات والعقبات، مع التحلي بالصبر والإصرار حتى تحقيق الأهداف.",
    "order": 8,
    "is_active": true
  }
},
{
  "model": "main.juniortrait",
  "pk": 9,
  "fields": {
    "name": "استغلال الفرص",
    "name_en": "Seizing Opportunities",
    "weight": "10.00",
    "description": "القدرة على إدراك المواقف المناسبة في الوقت المناسب، وتحويلها إلى إنجازات أو مكاسب من خلال المبادرة والعمل الفعّال.",
    "order": 9,
    "is_active": true
  }
},
{
  "model": "main.juniortrait",
  "pk": 10,
  "fields": {
    "name": "الاتصال",
    "name_en": "Communication",
    "weight": "7.50",
    "description": "عملية تبادل المعلومات والأفكار بين الأفراد بوسائل مختلفة، بهدف تحقيق فهم مشترك وبناء علاقات فعّالة.",
    "order": 10,
    "is_active": true
  }
},
{
  "model": "main.juniorquestion",
  "pk": 1,
  "fields": {
    "trait": 1,
    "text": "أتحمل مسؤولية قراراتي ولا أوجه اللوم للآخرين.",
    "order": 1,
    "is_active": true,
    "is_reverse_scored": false
  }
},
{
  "model": "main.juniorquestion",
  "pk": 2,
  "fields": {
    "trait": 1,
    "text": "إذا كنت مقتنعا بفكرة معينة لا أفضل الاستماع لأفكار مخالفة",
    "order": 2,
    "is_active": true,
    "is_reverse_scored": false
  }
},
{
  "model": "main.juniorquestion",
  "pk": 3,
  "fields": {
    "trait": 2,
    "text": "لا أحب توجيهي لما يجب علي فعله",
    "order": 3,
    "is_active": true,
    "is_reverse_scored": false
  }
},
{
  "model": "main.juniorquestion",
  "pk": 4,
  "fields": {
    "trait": 4,
    "text": "أنا أحب المغامرة للأشياء التي لا أعرفها",
    "order": 4,
    "is_active": true,
    "is_reverse_scored": false
  }
},
{
  "model": "main.juniorquestion",
  "pk": 5,
  "fields": {
    "trait": 2,
    "text": "أفضل أن أكون وحيدا في اتخاذ القرار النهائي",
    "order": 5,
    "is_active": true,
    "is_reverse_scored": false
  }
},
{
  "model": "main.juniorquestion",
  "pk": 6,
  "fields": {
    "trait": 3,
    "text": "أنا أهتم بالتفاصيل",
    "order": 6,
    "is_active": true,
    "is_reverse_scored": false
  }
},
{
  "model": "main.juniorquestion",
  "pk": 7,
  "fields": {
    "trait": 3,
    "text": "لا أفضل التفكير بالمستقبل وأفضل ترك الأمور للمصادفة",
    "order": 7,
    "is_active": true,
    "is_reverse_scored": true
  }
},
{
  "model": "main.juniorquestion",
  "pk": 8,
  "fields": {
    "trait": 4,
    "text": "أنا شخص مقدام، اتقدم لكل عمل بسرعة",
    "order": 8,
    "is_active": true,
    "is_reverse_scored": false
  }
},
{
  "model": "main.juniorquestion",
  "pk": 9,
  "fields": {
    "trait": 4,
    "text": "أفضل البقاء في وظيفة ذات دخل مستقر على الاستثمار في مشروع خاص",
    "order": 9,
    "is_active": true,
    "is_reverse_scored": true
  }
},
{
  "model": "main.juniorquestion",
  "pk": 10,
  "fields": {
    "trait": 5,
    "text": "دائما أثق بحدسي و توقعاتي",
    "order": 10,
    "is_active": true,
    "is_reverse_scored": false
  }
},
{
  "model": "main.juniorquestion",
  "pk": 11,
  "fields": {
    "trait": 6,
    "text": "تأتيني أفكار كثيرة ولكن أخشى تطبيقها خوفا من الفشل",
    "order": 11,
    "is_active": true,
    "is_reverse_scored": true
  }
},
{
  "model": "main.juniorquestion",
  "pk": 12,
  "fields": {
    "trait": 6,
    "text": "أشعر بالإحباط من التجارب الفاشلة",
    "order": 12,
    "is_active": true,
    "is_reverse_scored": true
  }
},
{
  "model": "main.juniorquestion",
  "pk": 13,
  "fields": {
    "trait": 7,
    "text": "أفكر دائما بعدة استخدامات للشيء الواحد",
    "order": 13,
    "is_active": true,
    "is_reverse_scored": false
  }
},
{
  "model": "main.juniorquestion",
  "pk": 14,
  "fields": {
    "trait": 8,
    "text": "عندما أبدأ بعمل معين فإنني أكون مصرا على إتمامه",
    "order": 14,
    "is_active": true,
    "is_reverse_scored": false
  }
},
{
  "model": "main.juniorquestion",
  "pk": 15,
  "fields": {
    "trait": 8,
    "text": "تصرفني المشاكل والمعوقات عن إتمام مهامي",
    "order": 15,
    "is_active": true,
    "is_reverse_scored": true
  }
},
{
  "model": "main.juniorquestion",
  "pk": 16,
  "fields": {
    "trait": 9,
    "text": "أتقن الاستفادة من المواقف السلبية",
    "order": 16,
    "is_active": true,
    "is_reverse_scored": false
  }
},
{
  "model": "main.juniorquestion",
  "pk": 17,
  "fields": {
    "trait": 9,
    "text": "أعتقد أن النجاح ناتج عن الظروف المحيطة بالشخص",
    "order": 17,
    "is_active": true,
    "is_reverse_scored": true
  }
},
{
  "model": "main.juniorquestion",
  "pk": 18,
  "fields": {
    "trait": 10,
    "text": "من السهولة عليّ إقناع الآخرين بأفكاري",
    "order": 18,
    "is_active": true,
    "is_reverse_scored": false
  }
},
{
  "model": "main.juniorquestion",
  "pk": 19,
  "fields": {
    "trait": 10,
    "text": "أتعامل مع الخلافات مهما كانت بسيطة",
    "order": 19,
    "is_active": true,
    "is_reverse_scored": false
  }
},
{
  "model": "main.juniorquestion",
  "pk": 20,
  "fields": {
    "trait": 7,
    "text": "لدي القدرة على تقديم أفكار جديدة",
    "order": 20,
    "is_active": true,
    "is_reverse_scored": false
  }
},
{
  "model": "main.juniortestsession",
  "pk": 1,
  "fields": {
    "registration": 1,
    "started_at": "2025-09-29T15:20:24.473Z",
    "completed_at": null,
    "is_completed": false,
    "answers_json": ""
  }
},
{
  "model": "main.juniortestsession",
  "pk": 2,
  "fields": {
    "registration": 2,
    "started_at": "2025-09-29T15:52:41.753Z",
    "completed_at": null,
    "is_completed": false,
    "answers_json": ""
  }
},
{
  "model": "main.juniortestsession",
  "pk": 3,
  "fields": {
    "registration": 3,
    "started_at": "2025-09-29T22:44:20.227Z",
    "completed_at": "2025-09-29T22:44:46.717Z",
    "is_completed": true,
    "answers_json": "{\"1\": 2.0, \"2\": 1.0, \"3\": 0.0, \"4\": 0.0, \"5\": 0.0, \"6\": 0.0, \"7\": 0.0, \"8\": 0.0, \"9\": 0.0, \"10\": 0.0, \"11\": 0.0, \"12\": 0.0, \"13\": 0.0, \"14\": 0.0, \"15\": 0.0, \"16\": 0.0, \"17\": 0.0, \"18\": 0.0, \"19\": 0.0, \"20\": 0.0}"
  }
},
{
  "model": "main.juniortestsession",
  "pk": 4,
  "fields": {
    "registration": 4,
    "started_at": "2025-09-29T22:47:58.117Z",
    "completed_at": null,
    "is_completed": false,
    "answers_json": ""
  }
},
{
  "model": "main.juniortestsession",
  "pk": 5,
  "fields": {
    "registration": 5,
    "started_at": "2025-09-29T22:52:38.057Z",
    "completed_at": "2025-09-29T22:58:09.197Z",
    "is_completed": true,
    "answers_json": "{\"1\": 2.0, \"2\": 1.5, \"3\": 2.0, \"4\": 1.5, \"5\": 1.0, \"6\": 1.5, \"7\": 1.0, \"8\": 2.0, \"9\": 0.5, \"10\": 1.0, \"11\": 1.0, \"12\": 0.5, \"13\": 0.0, \"14\": 0.0, \"15\": 2.0, \"16\": 0.5, \"17\": 2.0, \"18\": 2.0, \"19\": 1.0, \"20\": 1.5}"
  }
},
{
  "model": "main.juniortestsession",
  "pk": 6,
  "fields": {
    "registration": 6,
    "started_at": "2025-09-30T10:26:37.888Z",
    "completed_at": "2025-09-30T10:27:14.493Z",
    "is_completed": true,
    "answers_json": "{\"1\": 1.0, \"2\": 1.5, \"3\": 2.0, \"4\": 2.0, \"5\": 2.0, \"6\": 2.0, \"7\": 2.0, \"8\": 2.0, \"9\": 2.0, \"10\": 2.0, \"11\": 2.0, \"12\": 2.0, \"13\": 2.0, \"14\": 2.0, \"15\": 2.0, \"16\": 1.5, \"17\": 1.5, \"18\": 1.0, \"19\": 2.0, \"20\": 2.0}"
  }
},
{
  "model": "main.juniortestsession",
  "pk": 7,
  "fields": {
    "registration": 7,
    "started_at": "2025-10-02T19:19:13.922Z",
    "completed_at": "2025-10-02T19:21:43.060Z",
    "is_completed": true,
    "answers_json": "{\"1\": 0.0, \"2\": 2.0, \"3\": 1.0, \"4\": 0.0, \"5\": 1.5, \"6\": 1.0, \"7\": 0.0, \"8\": 0.5, \"9\": 0.5, \"10\": 2.0, \"11\": 0.5, \"12\": 1.5, \"13\": 1.0, \"14\": 2.0, \"15\": 1.5, \"16\": 0.0, \"17\": 1.0, \"18\": 0.0, \"19\": 1.5, \"20\": 0.5}"
  }
},
{
  "model": "main.juniortestsession",
  "pk": 8,
  "fields": {
    "registration": 8,
    "started_at": "2025-10-02T19:24:17.736Z",
    "completed_at": null,
    "is_completed": false,
    "answers_json": ""
  }
},
{
  "model": "main.juniortestsession",
  "pk": 9,
  "fields": {
    "registration": 9,
    "started_at": "2025-10-02T19:24:28.491Z",
    "completed_at": "2025-10-02T19:26:06.871Z",
    "is_completed": true,
    "answers_json": "{\"1\": 0.0, \"2\": 2.0, \"3\": 1.0, \"4\": 0.0, \"5\": 1.5, \"6\": 1.0, \"7\": 0.0, \"8\": 0.5, \"9\": 0.5, \"10\": 2.0, \"11\": 0.5, \"12\": 1.5, \"13\": 1.0, \"14\": 2.0, \"15\": 1.5, \"16\": 0.0, \"17\": 1.0, \"18\": 0.0, \"19\": 1.5, \"20\": 0.5}"
  }
},
{
  "model": "main.juniortestsession",
  "pk": 10,
  "fields": {
    "registration": 10,
    "started_at": "2025-10-02T19:35:17.521Z",
    "completed_at": "2025-10-02T19:35:51.060Z",
    "is_completed": true,
    "answers_json": "{\"1\": 2.0, \"2\": 2.0, \"3\": 2.0, \"4\": 2.0, \"5\": 2.0, \"6\": 2.0, \"7\": 0.0, \"8\": 2.0, \"9\": 0.0, \"10\": 2.0, \"11\": 0.0, \"12\": 0.0, \"13\": 2.0, \"14\": 2.0, \"15\": 0.0, \"16\": 2.0, \"17\": 0.0, \"18\": 2.0, \"19\": 2.0, \"20\": 2.0}"
  }
},
{
  "model": "main.juniortestsession",
  "pk": 11,
  "fields": {
    "registration": 11,
    "started_at": "2025-10-02T20:23:58.786Z",
    "completed_at": "2025-10-02T20:24:37.395Z",
    "is_completed": true,
    "answers_json": "{\"1\": 2.0, \"2\": 2.0, \"3\": 2.0, \"4\": 2.0, \"5\": 2.0, \"6\": 2.0, \"7\": 0.0, \"8\": 2.0, \"9\": 0.0, \"10\": 2.0, \"11\": 0.0, \"12\": 0.0, \"13\": 2.0, \"14\": 2.0, \"15\": 0.0, \"16\": 2.0, \"17\": 0.0, \"18\": 2.0, \"19\": 2.0, \"20\": 2.0}"
  }
},
{
  "model": "main.juniortestsession",
  "pk": 12,
  "fields": {
    "registration": 12,
    "started_at": "2025-10-02T20:37:48.197Z",
    "completed_at": "2025-10-02T20:38:17.433Z",
    "is_completed": true,
    "answers_json": "{\"1\": 2.0, \"2\": 2.0, \"3\": 2.0, \"4\": 2.0, \"5\": 2.0, \"6\": 2.0, \"7\": 0.0, \"8\": 2.0, \"9\": 0.0, \"10\": 2.0, \"11\": 0.0, \"12\": 0.0, \"13\": 2.0, \"14\": 2.0, \"15\": 0.0, \"16\": 2.0, \"17\": 0.0, \"18\": 2.0, \"19\": 2.0, \"20\": 2.0}"
  }
},
{
  "model": "main.juniortestsession",
  "pk": 13,
  "fields": {
    "registration": 13,
    "started_at": "2025-10-02T20:53:54.719Z",
    "completed_at": "2025-10-02T20:54:25.625Z",
    "is_completed": true,
    "answers_json": "{\"1\": 2.0, \"2\": 2.0, \"3\": 2.0, \"4\": 2.0, \"5\": 2.0, \"6\": 2.0, \"7\": 0.0, \"8\": 2.0, \"9\": 0.0, \"10\": 2.0, \"11\": 0.0, \"12\": 0.0, \"13\": 2.0, \"14\": 2.0, \"15\": 0.0, \"16\": 2.0, \"17\": 0.0, \"18\": 2.0, \"19\": 2.0, \"20\": 2.0}"
  }
},
{
  "model": "main.juniortestsession",
  "pk": 14,
  "fields": {
    "registration": 14,
    "started_at": "2025-10-02T21:10:23.971Z",
    "completed_at": "2025-10-02T21:10:52.583Z",
    "is_completed": true,
    "answers_json": "{\"1\": 2.0, \"2\": 2.0, \"3\": 2.0, \"4\": 2.0, \"5\": 2.0, \"6\": 2.0, \"7\": 0.0, \"8\": 2.0, \"9\": 0.0, \"10\": 2.0, \"11\": 0.0, \"12\": 0.0, \"13\": 2.0, \"14\": 2.0, \"15\": 0.0, \"16\": 2.0, \"17\": 0.0, \"18\": 2.0, \"19\": 2.0, \"20\": 2.0}"
  }
},
{
  "model": "main.juniortestsession",
  "pk": 15,
  "fields": {
    "registration": 15,
    "started_at": "2025-10-02T21:15:28.687Z",
    "completed_at": "2025-10-02T21:15:58.853Z",
    "is_completed": true,
    "answers_json": "{\"1\": 2.0, \"2\": 2.0, \"3\": 2.0, \"4\": 2.0, \"5\": 2.0, \"6\": 2.0, \"7\": 0.0, \"8\": 2.0, \"9\": 0.0, \"10\": 2.0, \"11\": 0.0, \"12\": 0.0, \"13\": 2.0, \"14\": 2.0, \"15\": 0.0, \"16\": 2.0, \"17\": 0.0, \"18\": 2.0, \"19\": 2.0, \"20\": 2.0}"
  }
},
{
  "model": "main.juniortestsession",
  "pk": 16,
  "fields": {
    "registration": 16,
    "started_at": "2025-10-02T22:15:23.672Z",
    "completed_at": "2025-10-02T22:15:55.669Z",
    "is_completed": true,
    "answers_json": "{\"1\": 2.0, \"2\": 2.0, \"3\": 2.0, \"4\": 2.0, \"5\": 2.0, \"6\": 2.0, \"7\": 0.0, \"8\": 2.0, \"9\": 0.0, \"10\": 2.0, \"11\": 0.0, \"12\": 0.0, \"13\": 2.0, \"14\": 2.0, \"15\": 0.0, \"16\": 2.0, \"17\": 0.0, \"18\": 2.0, \"19\": 2.0, \"20\": 2.0}"
  }
},
{
  "model": "main.juniortestsession",
  "pk": 17,
  "fields": {
    "registration": 17,
    "started_at": "2025-10-02T22:26:42.656Z",
    "completed_at": "2025-10-02T22:27:08.444Z",
    "is_completed": true,
    "answers_json": "{\"1\": 1.0, \"2\": 0.5, \"3\": 0.5, \"4\": 0.0, \"5\": 0.5, \"6\": 1.0, \"7\": 0.5, \"8\": 1.5, \"9\": 1.0, \"10\": 1.0, \"11\": 2.0, \"12\": 0.0, \"13\": 0.5, \"14\": 2.0, \"15\": 1.0, \"16\": 0.5, \"17\": 0.5, \"18\": 0.5, \"19\": 1.5, \"20\": 1.5}"
  }
},
{
  "model": "main.juniortestsession",
  "pk": 18,
  "fields": {
    "registration": 18,
    "started_at": "2025-10-02T22:48:24.100Z",
    "completed_at": "2025-10-02T22:48:53.531Z",
    "is_completed": true,
    "answers_json": "{\"1\": 2.0, \"2\": 2.0, \"3\": 2.0, \"4\": 2.0, \"5\": 2.0, \"6\": 2.0, \"7\": 0.0, \"8\": 2.0, \"9\": 0.0, \"10\": 2.0, \"11\": 0.0, \"12\": 0.0, \"13\": 2.0, \"14\": 2.0, \"15\": 0.0, \"16\": 2.0, \"17\": 0.0, \"18\": 2.0, \"19\": 2.0, \"20\": 2.0}"
  }
},
{
  "model": "main.juniortestsession",
  "pk": 19,
  "fields": {
    "registration": 19,
    "started_at": "2025-10-02T22:51:39.268Z",
    "completed_at": "2025-10-02T22:52:13.427Z",
    "is_completed": true,
    "answers_json": "{\"1\": 2.0, \"2\": 2.0, \"3\": 2.0, \"4\": 2.0, \"5\": 2.0, \"6\": 2.0, \"7\": 0.0, \"8\": 2.0, \"9\": 0.0, \"10\": 2.0, \"11\": 0.0, \"12\": 0.0, \"13\": 2.0, \"14\": 2.0, \"15\": 0.0, \"16\": 2.0, \"17\": 0.0, \"18\": 2.0, \"19\": 2.0, \"20\": 2.0}"
  }
},
{
  "model": "main.juniortestsession",
  "pk": 20,
  "fields": {
    "registration": 20,
    "started_at": "2025-10-02T22:53:29.685Z",
    "completed_at": "2025-10-02T22:53:56.434Z",
    "is_completed": true,
    "answers_json": "{\"1\": 2.0, \"2\": 2.0, \"3\": 2.0, \"4\": 2.0, \"5\": 2.0, \"6\": 2.0, \"7\": 0.0, \"8\": 2.0, \"9\": 0.0, \"10\": 2.0, \"11\": 0.0, \"12\": 0.0, \"13\": 2.0, \"14\": 2.0, \"15\": 0.0, \"16\": 2.0, \"17\": 0.0, \"18\": 2.0, \"19\": 2.0, \"20\": 2.0}"
  }
},
{
  "model": "main.juniortestsession",
  "pk": 21,
  "fields": {
    "registration": 21,
    "started_at": "2025-10-02T22:57:04.436Z",
    "completed_at": "2025-10-02T22:57:36.838Z",
    "is_completed": true,
    "answers_json": "{\"1\": 2.0, \"2\": 2.0, \"3\": 2.0, \"4\": 2.0, \"5\": 2.0, \"6\": 2.0, \"7\": 0.0, \"8\": 2.0, \"9\": 0.0, \"10\": 2.0, \"11\": 0.0, \"12\": 0.0, \"13\": 2.0, \"14\": 2.0, \"15\": 0.0, \"16\": 2.0, \"17\": 0.0, \"18\": 2.0, \"19\": 2.0, \"20\": 2.0}"
  }
},
{
  "model": "main.juniortestsession",
  "pk": 22,
  "fields": {
    "registration": 22,
    "started_at": "2025-10-02T22:58:50.014Z",
    "completed_at": "2025-10-02T22:59:15.271Z",
    "is_completed": true,
    "answers_json": "{\"1\": 2.0, \"2\": 2.0, \"3\": 2.0, \"4\": 2.0, \"5\": 2.0, \"6\": 2.0, \"7\": 0.0, \"8\": 2.0, \"9\": 0.0, \"10\": 2.0, \"11\": 0.0, \"12\": 0.0, \"13\": 2.0, \"14\": 2.0, \"15\": 0.0, \"16\": 2.0, \"17\": 0.0, \"18\": 2.0, \"19\": 2.0, \"20\": 2.0}"
  }
},
{
  "model": "main.juniortestsession",
  "pk": 23,
  "fields": {
    "registration": 23,
    "started_at": "2025-10-02T23:01:25.536Z",
    "completed_at": "2025-10-02T23:01:50.825Z",
    "is_completed": true,
    "answers_json": "{\"1\": 2.0, \"2\": 2.0, \"3\": 2.0, \"4\": 2.0, \"5\": 2.0, \"6\": 2.0, \"7\": 0.0, \"8\": 2.0, \"9\": 0.0, \"10\": 2.0, \"11\": 0.0, \"12\": 0.0, \"13\": 2.0, \"14\": 2.0, \"15\": 0.0, \"16\": 2.0, \"17\": 0.0, \"18\": 2.0, \"19\": 2.0, \"20\": 2.0}"
  }
},
{
  "model": "main.juniortestsession",
  "pk": 24,
  "fields": {
    "registration": 24,
    "started_at": "2025-10-02T23:03:07.880Z",
    "completed_at": "2025-10-02T23:03:35.843Z",
    "is_completed": true,
    "answers_json": "{\"1\": 2.0, \"2\": 2.0, \"3\": 2.0, \"4\": 2.0, \"5\": 2.0, \"6\": 2.0, \"7\": 0.0, \"8\": 2.0, \"9\": 0.0, \"10\": 2.0, \"11\": 0.0, \"12\": 0.0, \"13\": 2.0, \"14\": 2.0, \"15\": 0.0, \"16\": 2.0, \"17\": 0.0, \"18\": 2.0, \"19\": 2.0, \"20\": 2.0}"
  }
},
{
  "model": "main.juniortestsession",
  "pk": 25,
  "fields": {
    "registration": 25,
    "started_at": "2025-10-02T23:04:40.143Z",
    "completed_at": "2025-10-02T23:05:08.966Z",
    "is_completed": true,
    "answers_json": "{\"1\": 2.0, \"2\": 2.0, \"3\": 2.0, \"4\": 2.0, \"5\": 2.0, \"6\": 2.0, \"7\": 0.0, \"8\": 2.0, \"9\": 0.0, \"10\": 2.0, \"11\": 0.0, \"12\": 0.0, \"13\": 2.0, \"14\": 2.0, \"15\": 0.0, \"16\": 2.0, \"17\": 0.0, \"18\": 2.0, \"19\": 2.0, \"20\": 2.0}"
  }
},
{
  "model": "main.juniortestsession",
  "pk": 26,
  "fields": {
    "registration": 26,
    "started_at": "2025-10-02T23:44:08.535Z",
    "completed_at": "2025-10-02T23:45:06.160Z",
    "is_completed": true,
    "answers_json": "{\"1\": 2.0, \"2\": 2.0, \"3\": 2.0, \"4\": 2.0, \"5\": 2.0, \"6\": 2.0, \"7\": 0.0, \"8\": 2.0, \"9\": 0.0, \"10\": 2.0, \"11\": 0.0, \"12\": 0.0, \"13\": 2.0, \"14\": 2.0, \"15\": 0.0, \"16\": 2.0, \"17\": 0.0, \"18\": 2.0, \"19\": 2.0, \"20\": 2.0}"
  }
},
{
  "model": "main.juniortestsession",
  "pk": 27,
  "fields": {
    "registration": 27,
    "started_at": "2025-10-04T10:47:42.181Z",
    "completed_at": "2025-10-04T10:48:16.346Z",
    "is_completed": true,
    "answers_json": "{\"1\": 2.0, \"2\": 2.0, \"3\": 2.0, \"4\": 2.0, \"5\": 2.0, \"6\": 2.0, \"7\": 0.0, \"8\": 2.0, \"9\": 0.0, \"10\": 2.0, \"11\": 0.0, \"12\": 0.0, \"13\": 2.0, \"14\": 2.0, \"15\": 0.0, \"16\": 2.0, \"17\": 0.0, \"18\": 2.0, \"19\": 2.0, \"20\": 2.0}"
  }
},
{
  "model": "main.juniortestsession",
  "pk": 28,
  "fields": {
    "registration": 28,
    "started_at": "2025-10-04T20:58:50.330Z",
    "completed_at": "2025-10-04T20:59:20.305Z",
    "is_completed": true,
    "answers_json": "{\"1\": 2.0, \"2\": 2.0, \"3\": 2.0, \"4\": 2.0, \"5\": 2.0, \"6\": 2.0, \"7\": 0.0, \"8\": 2.0, \"9\": 0.0, \"10\": 2.0, \"11\": 0.0, \"12\": 0.0, \"13\": 2.0, \"14\": 2.0, \"15\": 0.0, \"16\": 2.0, \"17\": 0.0, \"18\": 2.0, \"19\": 2.0, \"20\": 2.0}"
  }
},
{
  "model": "main.juniortestsession",
  "pk": 29,
  "fields": {
    "registration": 29,
    "started_at": "2025-10-04T22:07:46.904Z",
    "completed_at": "2025-10-04T22:08:15.589Z",
    "is_completed": true,
    "answers_json": "{\"1\": 2.0, \"2\": 2.0, \"3\": 2.0, \"4\": 2.0, \"5\": 2.0, \"6\": 0.5, \"7\": 0.0, \"8\": 1.5, \"9\": 0.5, \"10\": 1.0, \"11\": 1.5, \"12\": 0.5, \"13\": 2.0, \"14\": 2.0, \"15\": 0.5, \"16\": 0.5, \"17\": 2.0, \"18\": 2.0, \"19\": 2.0, \"20\": 2.0}"
  }
},
{
  "model": "main.juniortestsession",
  "pk": 30,
  "fields": {
    "registration": 30,
    "started_at": "2025-10-05T17:51:21.803Z",
    "completed_at": "2025-10-05T17:51:56.197Z",
    "is_completed": true,
    "answers_json": "{\"1\": 0.5, \"2\": 0.5, \"3\": 0.5, \"4\": 0.5, \"5\": 0.5, \"6\": 0.5, \"7\": 1.5, \"8\": 0.5, \"9\": 1.5, \"10\": 0.5, \"11\": 1.5, \"12\": 1.5, \"13\": 0.5, \"14\": 0.5, \"15\": 1.5, \"16\": 0.5, \"17\": 1.5, \"18\": 0.5, \"19\": 0.5, \"20\": 0.5}"
  }
},
{
  "model": "main.juniortestsession",
  "pk": 31,
  "fields": {
    "registration": 31,
    "started_at": "2025-10-05T17:58:56.292Z",
    "completed_at": "2025-10-05T17:59:30.413Z",
    "is_completed": true,
    "answers_json": "{\"1\": 1.5, \"2\": 1.5, \"3\": 1.5, \"4\": 1.5, \"5\": 1.5, \"6\": 1.5, \"7\": 0.5, \"8\": 1.5, \"9\": 0.5, \"10\": 1.5, \"11\": 0.0, \"12\": 0.0, \"13\": 2.0, \"14\": 2.0, \"15\": 0.0, \"16\": 2.0, \"17\": 0.0, \"18\": 2.0, \"19\": 2.0, \"20\": 2.0}"
  }
},
{
  "model": "main.juniortestsession",
  "pk": 32,
  "fields": {
    "registration": 32,
    "started_at": "2025-10-05T18:02:40.459Z",
    "completed_at": "2025-10-05T18:03:06.993Z",
    "is_completed": true,
    "answers_json": "{\"1\": 0.0, \"2\": 0.0, \"3\": 0.0, \"4\": 0.0, \"5\": 0.0, \"6\": 0.0, \"7\": 2.0, \"8\": 0.0, \"9\": 2.0, \"10\": 0.0, \"11\": 2.0, \"12\": 2.0, \"13\": 0.0, \"14\": 0.0, \"15\": 2.0, \"16\": 0.0, \"17\": 2.0, \"18\": 0.0, \"19\": 0.0, \"20\": 0.0}"
  }
},
{
  "model": "main.juniortestresult",
  "pk": 1,
  "fields": {
    "session": 3,
    "total_score": "9.83",
    "trait_scores_json": "{\"المسؤولية والالتزام\": {\"percentage\": 50.0, \"weighted_score\": 7.5, \"weight\": 15}, \"الإبداع والمرونة الفكرية\": {\"percentage\": 16.666666666666664, \"weighted_score\": 2.333333333333333, \"weight\": 14}, \"الاستقلالية\": {\"percentage\": 0.0, \"weighted_score\": 0.0, \"weight\": 12}, \"المبادرة والمغامرة\": {\"percentage\": 0.0, \"weighted_score\": 0.0, \"weight\": 18}, \"التخطيط والتنظيم\": {\"percentage\": 0.0, \"weighted_score\": 0.0, \"weight\": 10}, \"الثقة والحدس\": {\"percentage\": 0.0, \"weighted_score\": 0.0, \"weight\": 8}, \"الإصرار والتحدي\": {\"percentage\": 0.0, \"weighted_score\": 0.0, \"weight\": 16}, \"التأثير والقيادة\": {\"percentage\": 0.0, \"weighted_score\": 0.0, \"weight\": 7}}",
    "certificate_path": "",
    "created_at": "2025-09-29T22:44:46.751Z",
    "time_taken_minutes": 0
  }
},
{
  "model": "main.juniortestresult",
  "pk": 2,
  "fields": {
    "session": 5,
    "total_score": "59.58",
    "trait_scores_json": "{\"المسؤولية والالتزام\": {\"percentage\": 50.0, \"weighted_score\": 7.5, \"weight\": 15}, \"الإبداع والمرونة الفكرية\": {\"percentage\": 50.0, \"weighted_score\": 7.0, \"weight\": 14}, \"الاستقلالية\": {\"percentage\": 75.0, \"weighted_score\": 9.0, \"weight\": 12}, \"المبادرة والمغامرة\": {\"percentage\": 66.66666666666666, \"weighted_score\": 11.999999999999998, \"weight\": 18}, \"التخطيط والتنظيم\": {\"percentage\": 62.5, \"weighted_score\": 6.25, \"weight\": 10}, \"الثقة والحدس\": {\"percentage\": 50.0, \"weighted_score\": 4.0, \"weight\": 8}, \"الإصرار والتحدي\": {\"percentage\": 50.0, \"weighted_score\": 8.0, \"weight\": 16}, \"التأثير والقيادة\": {\"percentage\": 83.33333333333334, \"weighted_score\": 5.833333333333334, \"weight\": 7}}",
    "certificate_path": "",
    "created_at": "2025-09-29T22:58:09.224Z",
    "time_taken_minutes": 5
  }
},
{
  "model": "main.juniortestresult",
  "pk": 3,
  "fields": {
    "session": 6,
    "total_score": "92.00",
    "trait_scores_json": "{\"المسؤولية والالتزام\": {\"percentage\": 75.0, \"weighted_score\": 11.25, \"weight\": 15}, \"الإبداع والمرونة الفكرية\": {\"percentage\": 91.66666666666666, \"weighted_score\": 12.833333333333332, \"weight\": 14}, \"الاستقلالية\": {\"percentage\": 100.0, \"weighted_score\": 12.0, \"weight\": 12}, \"المبادرة والمغامرة\": {\"percentage\": 100.0, \"weighted_score\": 18.0, \"weight\": 18}, \"التخطيط والتنظيم\": {\"percentage\": 100.0, \"weighted_score\": 10.0, \"weight\": 10}, \"الثقة والحدس\": {\"percentage\": 100.0, \"weighted_score\": 8.0, \"weight\": 8}, \"الإصرار والتحدي\": {\"percentage\": 91.66666666666666, \"weighted_score\": 14.666666666666664, \"weight\": 16}, \"التأثير والقيادة\": {\"percentage\": 75.0, \"weighted_score\": 5.25, \"weight\": 7}}",
    "certificate_path": "",
    "created_at": "2025-09-30T10:27:14.529Z",
    "time_taken_minutes": 0
  }
},
{
  "model": "main.juniortestresult",
  "pk": 4,
  "fields": {
    "session": 9,
    "total_score": "44.38",
    "trait_scores_json": "{\"القيادة\": {\"percentage\": 50.0, \"weighted_score\": 7.5, \"weight\": 15.0}, \"اتخاذ القرار\": {\"percentage\": 62.5, \"weighted_score\": 4.6875, \"weight\": 7.5}, \"تحمل المخاطر\": {\"percentage\": 16.666666666666664, \"weighted_score\": 2.4999999999999996, \"weight\": 15.0}, \"التخطيط\": {\"percentage\": 25.0, \"weighted_score\": 3.75, \"weight\": 15.0}, \"الثقة بالنفس\": {\"percentage\": 100.0, \"weighted_score\": 7.5, \"weight\": 7.5}, \"عدم الخوف من الفشل\": {\"percentage\": 50.0, \"weighted_score\": 3.75, \"weight\": 7.5}, \"الابتكار\": {\"percentage\": 37.5, \"weighted_score\": 2.8125, \"weight\": 7.5}, \"المثابرة\": {\"percentage\": 87.5, \"weighted_score\": 6.5625, \"weight\": 7.5}, \"استغلال الفرص\": {\"percentage\": 25.0, \"weighted_score\": 2.5, \"weight\": 10.0}, \"الاتصال\": {\"percentage\": 37.5, \"weighted_score\": 2.8125, \"weight\": 7.5}}",
    "certificate_path": "",
    "created_at": "2025-10-02T19:26:06.913Z",
    "time_taken_minutes": 1
  }
},
{
  "model": "main.juniortestresult",
  "pk": 5,
  "fields": {
    "session": 10,
    "total_score": "71.25",
    "trait_scores_json": "{\"القيادة\": {\"percentage\": 100.0, \"weighted_score\": 15.0, \"weight\": 15.0}, \"اتخاذ القرار\": {\"percentage\": 100.0, \"weighted_score\": 7.5, \"weight\": 7.5}, \"تحمل المخاطر\": {\"percentage\": 66.66666666666666, \"weighted_score\": 9.999999999999998, \"weight\": 15.0}, \"التخطيط\": {\"percentage\": 50.0, \"weighted_score\": 7.5, \"weight\": 15.0}, \"الثقة بالنفس\": {\"percentage\": 100.0, \"weighted_score\": 7.5, \"weight\": 7.5}, \"عدم الخوف من الفشل\": {\"percentage\": 0.0, \"weighted_score\": 0.0, \"weight\": 7.5}, \"الابتكار\": {\"percentage\": 100.0, \"weighted_score\": 7.5, \"weight\": 7.5}, \"المثابرة\": {\"percentage\": 50.0, \"weighted_score\": 3.75, \"weight\": 7.5}, \"استغلال الفرص\": {\"percentage\": 50.0, \"weighted_score\": 5.0, \"weight\": 10.0}, \"الاتصال\": {\"percentage\": 100.0, \"weighted_score\": 7.5, \"weight\": 7.5}}",
    "certificate_path": "",
    "created_at": "2025-10-02T19:35:51.101Z",
    "time_taken_minutes": 0
  }
},
{
  "model": "main.juniortestresult",
  "pk": 6,
  "fields": {
    "session": 11,
    "total_score": "71.25",
    "trait_scores_json": "{\"القيادة\": {\"percentage\": 100.0, \"weighted_score\": 15.0, \"weight\": 15.0}, \"اتخاذ القرار\": {\"percentage\": 100.0, \"weighted_score\": 7.5, \"weight\": 7.5}, \"تحمل المخاطر\": {\"percentage\": 66.66666666666666, \"weighted_score\": 9.999999999999998, \"weight\": 15.0}, \"التخطيط\": {\"percentage\": 50.0, \"weighted_score\": 7.5, \"weight\": 15.0}, \"الثقة بالنفس\": {\"percentage\": 100.0, \"weighted_score\": 7.5, \"weight\": 7.5}, \"عدم الخوف من الفشل\": {\"percentage\": 0.0, \"weighted_score\": 0.0, \"weight\": 7.5}, \"الابتكار\": {\"percentage\": 100.0, \"weighted_score\": 7.5, \"weight\": 7.5}, \"المثابرة\": {\"percentage\": 50.0, \"weighted_score\": 3.75, \"weight\": 7.5}, \"استغلال الفرص\": {\"percentage\": 50.0, \"weighted_score\": 5.0, \"weight\": 10.0}, \"الاتصال\": {\"percentage\": 100.0, \"weighted_score\": 7.5, \"weight\": 7.5}}",
    "certificate_path": "",
    "created_at": "2025-10-02T20:24:37.452Z",
    "time_taken_minutes": 0
  }
},
{
  "model": "main.juniortestresult",
  "pk": 7,
  "fields": {
    "session": 12,
    "total_score": "71.25",
    "trait_scores_json": "{\"القيادة\": {\"percentage\": 100.0, \"weighted_score\": 15.0, \"weight\": 15.0}, \"اتخاذ القرار\": {\"percentage\": 100.0, \"weighted_score\": 7.5, \"weight\": 7.5}, \"تحمل المخاطر\": {\"percentage\": 66.66666666666666, \"weighted_score\": 9.999999999999998, \"weight\": 15.0}, \"التخطيط\": {\"percentage\": 50.0, \"weighted_score\": 7.5, \"weight\": 15.0}, \"الثقة بالنفس\": {\"percentage\": 100.0, \"weighted_score\": 7.5, \"weight\": 7.5}, \"عدم الخوف من الفشل\": {\"percentage\": 0.0, \"weighted_score\": 0.0, \"weight\": 7.5}, \"الابتكار\": {\"percentage\": 100.0, \"weighted_score\": 7.5, \"weight\": 7.5}, \"المثابرة\": {\"percentage\": 50.0, \"weighted_score\": 3.75, \"weight\": 7.5}, \"استغلال الفرص\": {\"percentage\": 50.0, \"weighted_score\": 5.0, \"weight\": 10.0}, \"الاتصال\": {\"percentage\": 100.0, \"weighted_score\": 7.5, \"weight\": 7.5}}",
    "certificate_path": "",
    "created_at": "2025-10-02T20:38:17.476Z",
    "time_taken_minutes": 0
  }
},
{
  "model": "main.juniortestresult",
  "pk": 8,
  "fields": {
    "session": 13,
    "total_score": "71.25",
    "trait_scores_json": "{\"القيادة\": {\"percentage\": 100.0, \"weighted_score\": 15.0, \"weight\": 15.0}, \"اتخاذ القرار\": {\"percentage\": 100.0, \"weighted_score\": 7.5, \"weight\": 7.5}, \"تحمل المخاطر\": {\"percentage\": 66.66666666666666, \"weighted_score\": 9.999999999999998, \"weight\": 15.0}, \"التخطيط\": {\"percentage\": 50.0, \"weighted_score\": 7.5, \"weight\": 15.0}, \"الثقة بالنفس\": {\"percentage\": 100.0, \"weighted_score\": 7.5, \"weight\": 7.5}, \"عدم الخوف من الفشل\": {\"percentage\": 0.0, \"weighted_score\": 0.0, \"weight\": 7.5}, \"الابتكار\": {\"percentage\": 100.0, \"weighted_score\": 7.5, \"weight\": 7.5}, \"المثابرة\": {\"percentage\": 50.0, \"weighted_score\": 3.75, \"weight\": 7.5}, \"استغلال الفرص\": {\"percentage\": 50.0, \"weighted_score\": 5.0, \"weight\": 10.0}, \"الاتصال\": {\"percentage\": 100.0, \"weighted_score\": 7.5, \"weight\": 7.5}}",
    "certificate_path": "certificates/junior/junior_certificate_13_20251002_205425.png",
    "created_at": "2025-10-02T20:54:25.666Z",
    "time_taken_minutes": 0
  }
},
{
  "model": "main.juniortestresult",
  "pk": 9,
  "fields": {
    "session": 14,
    "total_score": "71.25",
    "trait_scores_json": "{\"القيادة\": {\"percentage\": 100.0, \"weighted_score\": 15.0, \"weight\": 15.0}, \"اتخاذ القرار\": {\"percentage\": 100.0, \"weighted_score\": 7.5, \"weight\": 7.5}, \"تحمل المخاطر\": {\"percentage\": 66.66666666666666, \"weighted_score\": 9.999999999999998, \"weight\": 15.0}, \"التخطيط\": {\"percentage\": 50.0, \"weighted_score\": 7.5, \"weight\": 15.0}, \"الثقة بالنفس\": {\"percentage\": 100.0, \"weighted_score\": 7.5, \"weight\": 7.5}, \"عدم الخوف من الفشل\": {\"percentage\": 0.0, \"weighted_score\": 0.0, \"weight\": 7.5}, \"الابتكار\": {\"percentage\": 100.0, \"weighted_score\": 7.5, \"weight\": 7.5}, \"المثابرة\": {\"percentage\": 50.0, \"weighted_score\": 3.75, \"weight\": 7.5}, \"استغلال الفرص\": {\"percentage\": 50.0, \"weighted_score\": 5.0, \"weight\": 10.0}, \"الاتصال\": {\"percentage\": 100.0, \"weighted_score\": 7.5, \"weight\": 7.5}}",
    "certificate_path": "certificates/junior/junior_certificate_14_20251002_211052.png",
    "created_at": "2025-10-02T21:10:52.623Z",
    "time_taken_minutes": 0
  }
},
{
  "model": "main.juniortestresult",
  "pk": 10,
  "fields": {
    "session": 15,
    "total_score": "71.25",
    "trait_scores_json": "{\"القيادة\": {\"percentage\": 100.0, \"weighted_score\": 15.0, \"weight\": 15.0}, \"اتخاذ القرار\": {\"percentage\": 100.0, \"weighted_score\": 7.5, \"weight\": 7.5}, \"تحمل المخاطر\": {\"percentage\": 66.66666666666666, \"weighted_score\": 9.999999999999998, \"weight\": 15.0}, \"التخطيط\": {\"percentage\": 50.0, \"weighted_score\": 7.5, \"weight\": 15.0}, \"الثقة بالنفس\": {\"percentage\": 100.0, \"weighted_score\": 7.5, \"weight\": 7.5}, \"عدم الخوف من الفشل\": {\"percentage\": 0.0, \"weighted_score\": 0.0, \"weight\": 7.5}, \"الابتكار\": {\"percentage\": 100.0, \"weighted_score\": 7.5, \"weight\": 7.5}, \"المثابرة\": {\"percentage\": 50.0, \"weighted_score\": 3.75, \"weight\": 7.5}, \"استغلال الفرص\": {\"percentage\": 50.0, \"weighted_score\": 5.0, \"weight\": 10.0}, \"الاتصال\": {\"percentage\": 100.0, \"weighted_score\": 7.5, \"weight\": 7.5}}",
    "certificate_path": "certificates/junior/junior_certificate_15_20251002_211559.png",
    "created_at": "2025-10-02T21:15:58.897Z",
    "time_taken_minutes": 0
  }
},
{
  "model": "main.juniortestresult",
  "pk": 11,
  "fields": {
    "session": 16,
    "total_score": "71.25",
    "trait_scores_json": "{\"القيادة\": {\"percentage\": 100.0, \"weighted_score\": 15.0, \"weight\": 15.0}, \"اتخاذ القرار\": {\"percentage\": 100.0, \"weighted_score\": 7.5, \"weight\": 7.5}, \"تحمل المخاطر\": {\"percentage\": 66.66666666666666, \"weighted_score\": 9.999999999999998, \"weight\": 15.0}, \"التخطيط\": {\"percentage\": 50.0, \"weighted_score\": 7.5, \"weight\": 15.0}, \"الثقة بالنفس\": {\"percentage\": 100.0, \"weighted_score\": 7.5, \"weight\": 7.5}, \"عدم الخوف من الفشل\": {\"percentage\": 0.0, \"weighted_score\": 0.0, \"weight\": 7.5}, \"الابتكار\": {\"percentage\": 100.0, \"weighted_score\": 7.5, \"weight\": 7.5}, \"المثابرة\": {\"percentage\": 50.0, \"weighted_score\": 3.75, \"weight\": 7.5}, \"استغلال الفرص\": {\"percentage\": 50.0, \"weighted_score\": 5.0, \"weight\": 10.0}, \"الاتصال\": {\"percentage\": 100.0, \"weighted_score\": 7.5, \"weight\": 7.5}}",
    "certificate_path": "/home/nagham/ILEFN/media/certificates/junior/junior_certificate_16_20251002_221555.png",
    "created_at": "2025-10-02T22:15:55.708Z",
    "time_taken_minutes": 0
  }
},
{
  "model": "main.juniortestresult",
  "pk": 12,
  "fields": {
    "session": 17,
    "total_score": "42.50",
    "trait_scores_json": "{\"القيادة\": {\"percentage\": 37.5, \"weighted_score\": 5.625, \"weight\": 15.0}, \"اتخاذ القرار\": {\"percentage\": 25.0, \"weighted_score\": 1.875, \"weight\": 7.5}, \"تحمل المخاطر\": {\"percentage\": 41.66666666666667, \"weighted_score\": 6.250000000000001, \"weight\": 15.0}, \"التخطيط\": {\"percentage\": 37.5, \"weighted_score\": 5.625, \"weight\": 15.0}, \"الثقة بالنفس\": {\"percentage\": 50.0, \"weighted_score\": 3.75, \"weight\": 7.5}, \"عدم الخوف من الفشل\": {\"percentage\": 50.0, \"weighted_score\": 3.75, \"weight\": 7.5}, \"الابتكار\": {\"percentage\": 50.0, \"weighted_score\": 3.75, \"weight\": 7.5}, \"المثابرة\": {\"percentage\": 75.0, \"weighted_score\": 5.625, \"weight\": 7.5}, \"استغلال الفرص\": {\"percentage\": 25.0, \"weighted_score\": 2.5, \"weight\": 10.0}, \"الاتصال\": {\"percentage\": 50.0, \"weighted_score\": 3.75, \"weight\": 7.5}}",
    "certificate_path": "/home/nagham/ILEFN/media/certificates/junior/junior_certificate_17_20251002_222708.png",
    "created_at": "2025-10-02T22:27:08.484Z",
    "time_taken_minutes": 0
  }
},
{
  "model": "main.juniortestresult",
  "pk": 13,
  "fields": {
    "session": 18,
    "total_score": "71.25",
    "trait_scores_json": "{\"القيادة\": {\"percentage\": 100.0, \"weighted_score\": 15.0, \"weight\": 15.0}, \"اتخاذ القرار\": {\"percentage\": 100.0, \"weighted_score\": 7.5, \"weight\": 7.5}, \"تحمل المخاطر\": {\"percentage\": 66.66666666666666, \"weighted_score\": 9.999999999999998, \"weight\": 15.0}, \"التخطيط\": {\"percentage\": 50.0, \"weighted_score\": 7.5, \"weight\": 15.0}, \"الثقة بالنفس\": {\"percentage\": 100.0, \"weighted_score\": 7.5, \"weight\": 7.5}, \"عدم الخوف من الفشل\": {\"percentage\": 0.0, \"weighted_score\": 0.0, \"weight\": 7.5}, \"الابتكار\": {\"percentage\": 100.0, \"weighted_score\": 7.5, \"weight\": 7.5}, \"المثابرة\": {\"percentage\": 50.0, \"weighted_score\": 3.75, \"weight\": 7.5}, \"استغلال الفرص\": {\"percentage\": 50.0, \"weighted_score\": 5.0, \"weight\": 10.0}, \"الاتصال\": {\"percentage\": 100.0, \"weighted_score\": 7.5, \"weight\": 7.5}}",
    "certificate_path": "/home/nagham/ILEFN/media/certificates/junior/junior_certificate_18_20251002_224853.png",
    "created_at": "2025-10-02T22:48:53.571Z",
    "time_taken_minutes": 0
  }
},
{
  "model": "main.juniortestresult",
  "pk": 14,
  "fields": {
    "session": 19,
    "total_score": "71.25",
    "trait_scores_json": "{\"القيادة\": {\"percentage\": 100.0, \"weighted_score\": 15.0, \"weight\": 15.0}, \"اتخاذ القرار\": {\"percentage\": 100.0, \"weighted_score\": 7.5, \"weight\": 7.5}, \"تحمل المخاطر\": {\"percentage\": 66.66666666666666, \"weighted_score\": 9.999999999999998, \"weight\": 15.0}, \"التخطيط\": {\"percentage\": 50.0, \"weighted_score\": 7.5, \"weight\": 15.0}, \"الثقة بالنفس\": {\"percentage\": 100.0, \"weighted_score\": 7.5, \"weight\": 7.5}, \"عدم الخوف من الفشل\": {\"percentage\": 0.0, \"weighted_score\": 0.0, \"weight\": 7.5}, \"الابتكار\": {\"percentage\": 100.0, \"weighted_score\": 7.5, \"weight\": 7.5}, \"المثابرة\": {\"percentage\": 50.0, \"weighted_score\": 3.75, \"weight\": 7.5}, \"استغلال الفرص\": {\"percentage\": 50.0, \"weighted_score\": 5.0, \"weight\": 10.0}, \"الاتصال\": {\"percentage\": 100.0, \"weighted_score\": 7.5, \"weight\": 7.5}}",
    "certificate_path": "/home/nagham/ILEFN/media/certificates/junior/junior_certificate_19_20251002_225213.png",
    "created_at": "2025-10-02T22:52:13.469Z",
    "time_taken_minutes": 0
  }
},
{
  "model": "main.juniortestresult",
  "pk": 15,
  "fields": {
    "session": 20,
    "total_score": "71.25",
    "trait_scores_json": "{\"القيادة\": {\"percentage\": 100.0, \"weighted_score\": 15.0, \"weight\": 15.0}, \"اتخاذ القرار\": {\"percentage\": 100.0, \"weighted_score\": 7.5, \"weight\": 7.5}, \"تحمل المخاطر\": {\"percentage\": 66.66666666666666, \"weighted_score\": 9.999999999999998, \"weight\": 15.0}, \"التخطيط\": {\"percentage\": 50.0, \"weighted_score\": 7.5, \"weight\": 15.0}, \"الثقة بالنفس\": {\"percentage\": 100.0, \"weighted_score\": 7.5, \"weight\": 7.5}, \"عدم الخوف من الفشل\": {\"percentage\": 0.0, \"weighted_score\": 0.0, \"weight\": 7.5}, \"الابتكار\": {\"percentage\": 100.0, \"weighted_score\": 7.5, \"weight\": 7.5}, \"المثابرة\": {\"percentage\": 50.0, \"weighted_score\": 3.75, \"weight\": 7.5}, \"استغلال الفرص\": {\"percentage\": 50.0, \"weighted_score\": 5.0, \"weight\": 10.0}, \"الاتصال\": {\"percentage\": 100.0, \"weighted_score\": 7.5, \"weight\": 7.5}}",
    "certificate_path": "/home/nagham/ILEFN/media/certificates/junior/junior_certificate_20_20251002_225356.png",
    "created_at": "2025-10-02T22:53:56.476Z",
    "time_taken_minutes": 0
  }
},
{
  "model": "main.juniortestresult",
  "pk": 16,
  "fields": {
    "session": 21,
    "total_score": "71.25",
    "trait_scores_json": "{\"القيادة\": {\"percentage\": 100.0, \"weighted_score\": 15.0, \"weight\": 15.0}, \"اتخاذ القرار\": {\"percentage\": 100.0, \"weighted_score\": 7.5, \"weight\": 7.5}, \"تحمل المخاطر\": {\"percentage\": 66.66666666666666, \"weighted_score\": 9.999999999999998, \"weight\": 15.0}, \"التخطيط\": {\"percentage\": 50.0, \"weighted_score\": 7.5, \"weight\": 15.0}, \"الثقة بالنفس\": {\"percentage\": 100.0, \"weighted_score\": 7.5, \"weight\": 7.5}, \"عدم الخوف من الفشل\": {\"percentage\": 0.0, \"weighted_score\": 0.0, \"weight\": 7.5}, \"الابتكار\": {\"percentage\": 100.0, \"weighted_score\": 7.5, \"weight\": 7.5}, \"المثابرة\": {\"percentage\": 50.0, \"weighted_score\": 3.75, \"weight\": 7.5}, \"استغلال الفرص\": {\"percentage\": 50.0, \"weighted_score\": 5.0, \"weight\": 10.0}, \"الاتصال\": {\"percentage\": 100.0, \"weighted_score\": 7.5, \"weight\": 7.5}}",
    "certificate_path": "/home/nagham/ILEFN/media/certificates/junior/junior_certificate_21_20251002_225737.png",
    "created_at": "2025-10-02T22:57:36.879Z",
    "time_taken_minutes": 0
  }
},
{
  "model": "main.juniortestresult",
  "pk": 17,
  "fields": {
    "session": 22,
    "total_score": "71.25",
    "trait_scores_json": "{\"القيادة\": {\"percentage\": 100.0, \"weighted_score\": 15.0, \"weight\": 15.0}, \"اتخاذ القرار\": {\"percentage\": 100.0, \"weighted_score\": 7.5, \"weight\": 7.5}, \"تحمل المخاطر\": {\"percentage\": 66.66666666666666, \"weighted_score\": 9.999999999999998, \"weight\": 15.0}, \"التخطيط\": {\"percentage\": 50.0, \"weighted_score\": 7.5, \"weight\": 15.0}, \"الثقة بالنفس\": {\"percentage\": 100.0, \"weighted_score\": 7.5, \"weight\": 7.5}, \"عدم الخوف من الفشل\": {\"percentage\": 0.0, \"weighted_score\": 0.0, \"weight\": 7.5}, \"الابتكار\": {\"percentage\": 100.0, \"weighted_score\": 7.5, \"weight\": 7.5}, \"المثابرة\": {\"percentage\": 50.0, \"weighted_score\": 3.75, \"weight\": 7.5}, \"استغلال الفرص\": {\"percentage\": 50.0, \"weighted_score\": 5.0, \"weight\": 10.0}, \"الاتصال\": {\"percentage\": 100.0, \"weighted_score\": 7.5, \"weight\": 7.5}}",
    "certificate_path": "/home/nagham/ILEFN/media/certificates/junior/junior_certificate_22_20251002_225915.png",
    "created_at": "2025-10-02T22:59:15.312Z",
    "time_taken_minutes": 0
  }
},
{
  "model": "main.juniortestresult",
  "pk": 18,
  "fields": {
    "session": 23,
    "total_score": "71.25",
    "trait_scores_json": "{\"القيادة\": {\"percentage\": 100.0, \"weighted_score\": 15.0, \"weight\": 15.0}, \"اتخاذ القرار\": {\"percentage\": 100.0, \"weighted_score\": 7.5, \"weight\": 7.5}, \"تحمل المخاطر\": {\"percentage\": 66.66666666666666, \"weighted_score\": 9.999999999999998, \"weight\": 15.0}, \"التخطيط\": {\"percentage\": 50.0, \"weighted_score\": 7.5, \"weight\": 15.0}, \"الثقة بالنفس\": {\"percentage\": 100.0, \"weighted_score\": 7.5, \"weight\": 7.5}, \"عدم الخوف من الفشل\": {\"percentage\": 0.0, \"weighted_score\": 0.0, \"weight\": 7.5}, \"الابتكار\": {\"percentage\": 100.0, \"weighted_score\": 7.5, \"weight\": 7.5}, \"المثابرة\": {\"percentage\": 50.0, \"weighted_score\": 3.75, \"weight\": 7.5}, \"استغلال الفرص\": {\"percentage\": 50.0, \"weighted_score\": 5.0, \"weight\": 10.0}, \"الاتصال\": {\"percentage\": 100.0, \"weighted_score\": 7.5, \"weight\": 7.5}}",
    "certificate_path": "/home/nagham/ILEFN/media/certificates/junior/junior_certificate_23_20251002_230151.png",
    "created_at": "2025-10-02T23:01:50.865Z",
    "time_taken_minutes": 0
  }
},
{
  "model": "main.juniortestresult",
  "pk": 19,
  "fields": {
    "session": 24,
    "total_score": "71.25",
    "trait_scores_json": "{\"القيادة\": {\"percentage\": 100.0, \"weighted_score\": 15.0, \"weight\": 15.0}, \"اتخاذ القرار\": {\"percentage\": 100.0, \"weighted_score\": 7.5, \"weight\": 7.5}, \"تحمل المخاطر\": {\"percentage\": 66.66666666666666, \"weighted_score\": 9.999999999999998, \"weight\": 15.0}, \"التخطيط\": {\"percentage\": 50.0, \"weighted_score\": 7.5, \"weight\": 15.0}, \"الثقة بالنفس\": {\"percentage\": 100.0, \"weighted_score\": 7.5, \"weight\": 7.5}, \"عدم الخوف من الفشل\": {\"percentage\": 0.0, \"weighted_score\": 0.0, \"weight\": 7.5}, \"الابتكار\": {\"percentage\": 100.0, \"weighted_score\": 7.5, \"weight\": 7.5}, \"المثابرة\": {\"percentage\": 50.0, \"weighted_score\": 3.75, \"weight\": 7.5}, \"استغلال الفرص\": {\"percentage\": 50.0, \"weighted_score\": 5.0, \"weight\": 10.0}, \"الاتصال\": {\"percentage\": 100.0, \"weighted_score\": 7.5, \"weight\": 7.5}}",
    "certificate_path": "/home/nagham/ILEFN/media/certificates/junior/junior_certificate_24_20251002_230336.png",
    "created_at": "2025-10-02T23:03:35.882Z",
    "time_taken_minutes": 0
  }
},
{
  "model": "main.juniortestresult",
  "pk": 20,
  "fields": {
    "session": 25,
    "total_score": "71.25",
    "trait_scores_json": "{\"القيادة\": {\"percentage\": 100.0, \"weighted_score\": 15.0, \"weight\": 15.0}, \"اتخاذ القرار\": {\"percentage\": 100.0, \"weighted_score\": 7.5, \"weight\": 7.5}, \"تحمل المخاطر\": {\"percentage\": 66.66666666666666, \"weighted_score\": 9.999999999999998, \"weight\": 15.0}, \"التخطيط\": {\"percentage\": 50.0, \"weighted_score\": 7.5, \"weight\": 15.0}, \"الثقة بالنفس\": {\"percentage\": 100.0, \"weighted_score\": 7.5, \"weight\": 7.5}, \"عدم الخوف من الفشل\": {\"percentage\": 0.0, \"weighted_score\": 0.0, \"weight\": 7.5}, \"الابتكار\": {\"percentage\": 100.0, \"weighted_score\": 7.5, \"weight\": 7.5}, \"المثابرة\": {\"percentage\": 50.0, \"weighted_score\": 3.75, \"weight\": 7.5}, \"استغلال الفرص\": {\"percentage\": 50.0, \"weighted_score\": 5.0, \"weight\": 10.0}, \"الاتصال\": {\"percentage\": 100.0, \"weighted_score\": 7.5, \"weight\": 7.5}}",
    "certificate_path": "/home/nagham/ILEFN/media/certificates/junior/junior_certificate_25_20251002_230509.png",
    "created_at": "2025-10-02T23:05:09.011Z",
    "time_taken_minutes": 0
  }
},
{
  "model": "main.juniortestresult",
  "pk": 21,
  "fields": {
    "session": 26,
    "total_score": "71.25",
    "trait_scores_json": "{\"القيادة\": {\"percentage\": 100.0, \"weighted_score\": 15.0, \"weight\": 15.0}, \"اتخاذ القرار\": {\"percentage\": 100.0, \"weighted_score\": 7.5, \"weight\": 7.5}, \"تحمل المخاطر\": {\"percentage\": 66.66666666666666, \"weighted_score\": 9.999999999999998, \"weight\": 15.0}, \"التخطيط\": {\"percentage\": 50.0, \"weighted_score\": 7.5, \"weight\": 15.0}, \"الثقة بالنفس\": {\"percentage\": 100.0, \"weighted_score\": 7.5, \"weight\": 7.5}, \"عدم الخوف من الفشل\": {\"percentage\": 0.0, \"weighted_score\": 0.0, \"weight\": 7.5}, \"الابتكار\": {\"percentage\": 100.0, \"weighted_score\": 7.5, \"weight\": 7.5}, \"المثابرة\": {\"percentage\": 50.0, \"weighted_score\": 3.75, \"weight\": 7.5}, \"استغلال الفرص\": {\"percentage\": 50.0, \"weighted_score\": 5.0, \"weight\": 10.0}, \"الاتصال\": {\"percentage\": 100.0, \"weighted_score\": 7.5, \"weight\": 7.5}}",
    "certificate_path": "certificates/junior/junior_certificate_26_20251002_234506.png",
    "created_at": "2025-10-02T23:45:06.203Z",
    "time_taken_minutes": 0
  }
},
{
  "model": "main.juniortestresult",
  "pk": 22,
  "fields": {
    "session": 27,
    "total_score": "71.25",
    "trait_scores_json": "{\"القيادة\": {\"percentage\": 100.0, \"weighted_score\": 15.0, \"weight\": 15.0}, \"اتخاذ القرار\": {\"percentage\": 100.0, \"weighted_score\": 7.5, \"weight\": 7.5}, \"تحمل المخاطر\": {\"percentage\": 66.66666666666666, \"weighted_score\": 9.999999999999998, \"weight\": 15.0}, \"التخطيط\": {\"percentage\": 50.0, \"weighted_score\": 7.5, \"weight\": 15.0}, \"الثقة بالنفس\": {\"percentage\": 100.0, \"weighted_score\": 7.5, \"weight\": 7.5}, \"عدم الخوف من الفشل\": {\"percentage\": 0.0, \"weighted_score\": 0.0, \"weight\": 7.5}, \"الابتكار\": {\"percentage\": 100.0, \"weighted_score\": 7.5, \"weight\": 7.5}, \"المثابرة\": {\"percentage\": 50.0, \"weighted_score\": 3.75, \"weight\": 7.5}, \"استغلال الفرص\": {\"percentage\": 50.0, \"weighted_score\": 5.0, \"weight\": 10.0}, \"الاتصال\": {\"percentage\": 100.0, \"weighted_score\": 7.5, \"weight\": 7.5}}",
    "certificate_path": "certificates/junior/junior_certificate_27_20251004_104816.png",
    "created_at": "2025-10-04T10:48:16.387Z",
    "time_taken_minutes": 0
  }
},
{
  "model": "main.juniortestresult",
  "pk": 23,
  "fields": {
    "session": 28,
    "total_score": "71.25",
    "trait_scores_json": "{\"القيادة\": {\"percentage\": 100.0, \"weighted_score\": 15.0, \"weight\": 15.0}, \"اتخاذ القرار\": {\"percentage\": 100.0, \"weighted_score\": 7.5, \"weight\": 7.5}, \"تحمل المخاطر\": {\"percentage\": 66.66666666666666, \"weighted_score\": 9.999999999999998, \"weight\": 15.0}, \"التخطيط\": {\"percentage\": 50.0, \"weighted_score\": 7.5, \"weight\": 15.0}, \"الثقة بالنفس\": {\"percentage\": 100.0, \"weighted_score\": 7.5, \"weight\": 7.5}, \"عدم الخوف من الفشل\": {\"percentage\": 0.0, \"weighted_score\": 0.0, \"weight\": 7.5}, \"الابتكار\": {\"percentage\": 100.0, \"weighted_score\": 7.5, \"weight\": 7.5}, \"المثابرة\": {\"percentage\": 50.0, \"weighted_score\": 3.75, \"weight\": 7.5}, \"استغلال الفرص\": {\"percentage\": 50.0, \"weighted_score\": 5.0, \"weight\": 10.0}, \"الاتصال\": {\"percentage\": 100.0, \"weighted_score\": 7.5, \"weight\": 7.5}}",
    "certificate_path": "certificates/junior/junior_certificate_28_20251004_205920.png",
    "created_at": "2025-10-04T20:59:20.347Z",
    "time_taken_minutes": 0
  }
},
{
  "model": "main.juniortestresult",
  "pk": 24,
  "fields": {
    "session": 29,
    "total_score": "67.81",
    "trait_scores_json": "{\"القيادة\": {\"percentage\": 100.0, \"weighted_score\": 15.0, \"weight\": 15.0}, \"اتخاذ القرار\": {\"percentage\": 100.0, \"weighted_score\": 7.5, \"weight\": 7.5}, \"تحمل المخاطر\": {\"percentage\": 66.66666666666666, \"weighted_score\": 9.999999999999998, \"weight\": 15.0}, \"التخطيط\": {\"percentage\": 12.5, \"weighted_score\": 1.875, \"weight\": 15.0}, \"الثقة بالنفس\": {\"percentage\": 50.0, \"weighted_score\": 3.75, \"weight\": 7.5}, \"عدم الخوف من الفشل\": {\"percentage\": 50.0, \"weighted_score\": 3.75, \"weight\": 7.5}, \"الابتكار\": {\"percentage\": 100.0, \"weighted_score\": 7.5, \"weight\": 7.5}, \"المثابرة\": {\"percentage\": 62.5, \"weighted_score\": 4.6875, \"weight\": 7.5}, \"استغلال الفرص\": {\"percentage\": 62.5, \"weighted_score\": 6.25, \"weight\": 10.0}, \"الاتصال\": {\"percentage\": 100.0, \"weighted_score\": 7.5, \"weight\": 7.5}}",
    "certificate_path": "certificates/junior/junior_certificate_29_20251004_220815.png",
    "created_at": "2025-10-04T22:08:15.632Z",
    "time_taken_minutes": 0
  }
},
{
  "model": "main.juniortestresult",
  "pk": 25,
  "fields": {
    "session": 30,
    "total_score": "39.38",
    "trait_scores_json": "{\"القيادة\": {\"percentage\": 25.0, \"weighted_score\": 3.75, \"weight\": 15.0}, \"اتخاذ القرار\": {\"percentage\": 25.0, \"weighted_score\": 1.875, \"weight\": 7.5}, \"تحمل المخاطر\": {\"percentage\": 41.66666666666667, \"weighted_score\": 6.250000000000001, \"weight\": 15.0}, \"التخطيط\": {\"percentage\": 50.0, \"weighted_score\": 7.5, \"weight\": 15.0}, \"الثقة بالنفس\": {\"percentage\": 25.0, \"weighted_score\": 1.875, \"weight\": 7.5}, \"عدم الخوف من الفشل\": {\"percentage\": 75.0, \"weighted_score\": 5.625, \"weight\": 7.5}, \"الابتكار\": {\"percentage\": 25.0, \"weighted_score\": 1.875, \"weight\": 7.5}, \"المثابرة\": {\"percentage\": 50.0, \"weighted_score\": 3.75, \"weight\": 7.5}, \"استغلال الفرص\": {\"percentage\": 50.0, \"weighted_score\": 5.0, \"weight\": 10.0}, \"الاتصال\": {\"percentage\": 25.0, \"weighted_score\": 1.875, \"weight\": 7.5}}",
    "certificate_path": "certificates/junior/junior_certificate_30_20251005_175156.png",
    "created_at": "2025-10-05T17:51:56.236Z",
    "time_taken_minutes": 0
  }
},
{
  "model": "main.juniortestresult",
  "pk": 26,
  "fields": {
    "session": 31,
    "total_score": "62.50",
    "trait_scores_json": "{\"القيادة\": {\"percentage\": 75.0, \"weighted_score\": 11.25, \"weight\": 15.0}, \"اتخاذ القرار\": {\"percentage\": 75.0, \"weighted_score\": 5.625, \"weight\": 7.5}, \"تحمل المخاطر\": {\"percentage\": 58.333333333333336, \"weighted_score\": 8.75, \"weight\": 15.0}, \"التخطيط\": {\"percentage\": 50.0, \"weighted_score\": 7.5, \"weight\": 15.0}, \"الثقة بالنفس\": {\"percentage\": 75.0, \"weighted_score\": 5.625, \"weight\": 7.5}, \"عدم الخوف من الفشل\": {\"percentage\": 0.0, \"weighted_score\": 0.0, \"weight\": 7.5}, \"الابتكار\": {\"percentage\": 100.0, \"weighted_score\": 7.5, \"weight\": 7.5}, \"المثابرة\": {\"percentage\": 50.0, \"weighted_score\": 3.75, \"weight\": 7.5}, \"استغلال الفرص\": {\"percentage\": 50.0, \"weighted_score\": 5.0, \"weight\": 10.0}, \"الاتصال\": {\"percentage\": 100.0, \"weighted_score\": 7.5, \"weight\": 7.5}}",
    "certificate_path": "certificates/junior/junior_certificate_31_20251005_175930.png",
    "created_at": "2025-10-05T17:59:30.452Z",
    "time_taken_minutes": 0
  }
},
{
  "model": "main.juniortestresult",
  "pk": 27,
  "fields": {
    "session": 32,
    "total_score": "28.75",
    "trait_scores_json": "{\"القيادة\": {\"percentage\": 0.0, \"weighted_score\": 0.0, \"weight\": 15.0}, \"اتخاذ القرار\": {\"percentage\": 0.0, \"weighted_score\": 0.0, \"weight\": 7.5}, \"تحمل المخاطر\": {\"percentage\": 33.33333333333333, \"weighted_score\": 4.999999999999999, \"weight\": 15.0}, \"التخطيط\": {\"percentage\": 50.0, \"weighted_score\": 7.5, \"weight\": 15.0}, \"الثقة بالنفس\": {\"percentage\": 0.0, \"weighted_score\": 0.0, \"weight\": 7.5}, \"عدم الخوف من الفشل\": {\"percentage\": 100.0, \"weighted_score\": 7.5, \"weight\": 7.5}, \"الابتكار\": {\"percentage\": 0.0, \"weighted_score\": 0.0, \"weight\": 7.5}, \"المثابرة\": {\"percentage\": 50.0, \"weighted_score\": 3.75, \"weight\": 7.5}, \"استغلال الفرص\": {\"percentage\": 50.0, \"weighted_score\": 5.0, \"weight\": 10.0}, \"الاتصال\": {\"percentage\": 0.0, \"weighted_score\": 0.0, \"weight\": 7.5}}",
    "certificate_path": "certificates/junior/junior_certificate_32_20251005_180307.png",
    "created_at": "2025-10-05T18:03:07.039Z",
    "time_taken_minutes": 0
  }
}
]
